timestamp,location_name,latitude,longitude,temperature,humidity,rainfall,source
2026-09-01T20:00:00,Rohini,95.5,77.056338,28.2,74.3,2.0,MOCK
2026-09-03T09:00:00,Gurugram,28.461295,77.025866,31.4,73.5,0.0,MOCK
2026-09-06T17:00:00,New_Delhi,28.612274,77.230195,32.1,66.8,0.0,MOCK
2026-09-03T03:00:00,Rohini,28.751316,77.054776,27.2,77.1,0.0,MOCK
2026-09-03T13:00:00,Shahdara,28.672128,77.288845,33.5,62.7,0.0,MOCK
2026-09-03T10:00:00,Delhi_Central,28.612361,77.210882,30.4,73.3,0.0,MOCK
2026-09-01T06:00:00,Dwarka,28.592691,77.04702,30.4,68.5,0.0,MOCK
2026-09-07T22:00:00,Rohini,28.747658,77.055662,25.8,81.7,0.0,MOCK
2026-09-07T13:00:00,Faridabad,28.409332,77.319333,31.7,61.5,0.0,MOCK
2026-09-03T04:00:00,Rohini,28.749712,77.054532,26.9,78.1,0.0,MOCK
2026-09-04T20:00:00,Gurugram,28.460973,77.025323,28.7,67.3,0.0,MOCK
2026-09-03T18:00:00,Shahdara,28.674204,77.288172,30.7,64.3,8.8,MOCK
2026-09-07T14:00:00,Faridabad,28.409925,77.317071,34.2,63.4,0.0,MOCK
2026-09-04T13:00:00,Najafgarh,28.607443,76.980658,33.1,60.4,0.0,MOCK
2026-09-04T12:00:00,Dwarka,28.591935,77.045843,32.4,62.0,0.0,MOCK
2026-09-01T04:00:00,Delhi_Central,28.61529,77.209415,26.7,76.4,0.0,MOCK
2026-09-08T13:00:00,Shahdara,28.67283,77.289407,33.7,61.1,0.0,MOCK
2026-09-06T07:00:00,Najafgarh,28.609536,76.980351,29.4,75.7,0.0,MOCK
2026-09-02T22:00:00,Delhi_Central,28.61477,77.207814,27.2,80.5,0.0,MOCK
2026-09-02T01:00:00,New_Delhi,28.61234,77.230552,26.0,79.0,0.0,MOCK
2026-09-07T06:00:00,Shahdara,28.672988,77.289645,27.6,70.1,0.0,MOCK
2026-09-08T20:00:00,Gurugram,28.459841,77.026641,28.6,70.7,0.0,MOCK
2026-09-09T01:00:00,Noida,28.534233,77.389378,23.9,77.9,0.0,MOCK
2026-09-06T17:00:00,Delhi_Central,28.614004,77.208828,30.8,63.9,0.0,MOCK
2026-09-02T01:00:00,Dwarka,28.591305,77.044346,26.6,83.6,0.0,MOCK
2026-09-06T22:00:00,Shahdara,28.671486,77.288508,27.7,76.7,0.0,MOCK
2026-09-05T17:00:00,Delhi_Central,28.612826,77.209828,32.5,68.3,0.0,MOCK
2026-09-01T09:00:00,Faridabad,28.407541,77.316596,32.7,69.2,0.0,MOCK
2026-09-04T08:00:00,Shahdara,28.6739,77.288426,31.1,73.2,0.0,MOCK
2026-09-08T13:00:00,Gurugram,28.459844,77.026572,32.9,62.6,0.0,MOCK
2026-09-08T11:00:00,New_Delhi,28.613046,77.230333,31.7,63.7,0.0,MOCK
2026-09-04T10:00:00,Shahdara,28.672894,77.287395,31.0,66.2,0.0,MOCK
2026-09-07T17:00:00,Delhi_Central,28.612459,77.210785,31.8,60.4,0.0,MOCK
2026-09-08T12:00:00,Najafgarh,28.610886,76.980227,32.8,66.3,0.0,MOCK
2026-09-05T23:00:00,Faridabad,28.408309,77.31797,25.8,73.1,0.0,MOCK
2026-09-07T13:00:00,Najafgarh,28.607848,76.980793,34.0,68.2,0.0,MOCK
2026-09-05T18:00:00,Rohini,28.750994,77.057646,29.5,72.2,0.0,MOCK
2026-09-06T12:00:00,Faridabad,28.408969,195.0,31.1,56.3,0.0,MOCK
2026-09-08T01:00:00,Najafgarh,28.610264,76.979121,26.3,81.5,0.0,MOCK
2026-09-01T07:00:00,Shahdara,28.674903,77.289028,29.6,82.1,0.0,MOCK
2026-09-05T07:00:00,Delhi_Central,28.612641,77.207866,29.7,73.9,0.0,MOCK
2026-09-01T01:00:00,Najafgarh,28.610369,76.978954,25.0,76.8,0.0,MOCK
2026-09-07T12:00:00,Rohini,28.748966,77.057102,34.2,69.4,0.0,MOCK
2026-09-02T23:00:00,New_Delhi,28.61375,77.228953,26.8,89.6,0.0,MOCK
2026-09-05T13:00:00,Najafgarh,28.608717,76.979554,33.9,61.1,0.0,MOCK
2026-09-07T18:00:00,Ghaziabad,28.669952,77.455618,29.8,70.6,0.0,MOCK
2026-09-05T22:00:00,Rohini,28.750275,77.054655,26.7,78.1,0.0,MOCK
2026-09-02T00:00:00,Shahdara,28.672335,77.289536,27.2,78.3,0.0,MOCK
2026-09-08T11:00:00,Noida,28.534979,77.390491,32.7,63.4,0.0,MOCK
2026-09-03T18:00:00,Gurugram,28.459525,77.026007,32.2,64.9,0.0,MOCK
2026-09-08T14:00:00,Faridabad,28.409276,77.317918,32.7,60.5,0.0,MOCK
2026-09-07T14:00:00,Noida,28.536213,77.391131,31.4,65.1,0.0,MOCK
2026-09-03T05:00:00,Gurugram,28.461232,77.026688,26.8,73.6,0.0,MOCK
2026-09-04T07:00:00,Rohini,28.748378,77.057886,29.3,63.8,0.0,MOCK
2026-09-07T21:00:00,Dwarka,28.593023,77.046305,26.2,71.8,0.0,MOCK
2026-09-08T05:00:00,Dwarka,28.590387,77.047107,28.4,81.0,0.0,MOCK
2026-09-04T14:00:00,Delhi_Central,28.615025,77.209607,29.5,60.4,0.0,MOCK
2026-09-02T09:00:00,Delhi_Central,28.615295,77.207665,33.9,68.2,0.0,MOCK
2026-09-02T08:00:00,Rohini,28.748707,77.056571,31.4,64.0,0.0,MOCK
2026-09-03T04:00:00,Delhi_Central,28.614383,77.207618,28.7,81.6,0.0,MOCK
2026-09-06T18:00:00,Dwarka,28.593266,77.044503,30.6,69.0,0.0,MOCK
2026-09-04T23:00:00,Noida,28.536593,77.391996,26.5,80.4,0.0,MOCK
2026-09-06T14:00:00,Faridabad,28.407715,77.316173,32.8,62.4,0.0,MOCK
2026-09-03T08:00:00,Noida,28.535345,77.389683,30.2,70.3,0.0,MOCK
2026-09-01T01:00:00,Dwarka,28.592862,77.045181,25.6,82.4,0.0,MOCK
2026-09-08T16:00:00,Dwarka,28.593567,77.046126,29.8,74.1,0.0,MOCK
2026-09-05T10:00:00,Ghaziabad,28.667747,77.453677,31.7,67.7,0.0,MOCK
2026-09-01T09:00:00,Dwarka,28.591422,77.046839,31.2,67.5,0.0,MOCK
2026-09-07T14:00:00,Gurugram,28.458945,77.024992,33.3,68.2,0.0,MOCK
2026-09-06T23:00:00,Gurugram,28.458082,77.02464,26.8,72.9,0.0,MOCK
2026-09-03T05:00:00,Noida,28.535322,77.391738,29.4,81.2,0.0,MOCK
2026-09-04T15:00:00,Shahdara,28.673643,77.289325,32.7,62.6,0.0,MOCK
2026-09-02T00:00:00,Faridabad,28.408346,77.318915,24.0,76.8,0.0,MOCK
2026-09-09T00:00:00,Ghaziabad,28.667518,77.45472,26.2,78.0,0.0,MOCK
2026-09-08T23:00:00,Faridabad,28.410862,77.319141,,80.5,0.0,MOCK
2026-09-06T12:00:00,Ghaziabad,28.667383,77.45503,33.6,62.7,0.0,MOCK
2026-09-05T22:00:00,Najafgarh,28.607638,76.980625,27.4,72.6,0.0,MOCK
2026-09-03T16:00:00,Ghaziabad,28.669615,77.455557,32.8,70.7,0.0,MOCK
2026-09-05T08:00:00,Noida,28.535941,77.389714,30.4,74.3,0.0,MOCK
2026-09-08T07:00:00,Faridabad,28.410334,77.318842,30.1,73.7,0.0,MOCK
2026-09-06T17:00:00,Gurugram,28.460983,77.028244,30.7,67.2,0.0,MOCK
2026-09-04T22:00:00,Dwarka,28.59211,77.045575,28.1,79.8,0.0,MOCK
2026-09-01T13:00:00,Noida,28.536138,77.3896,33.1,69.1,0.0,MOCK
2026-09-07T08:00:00,Faridabad,28.407035,77.317845,28.8,74.1,0.0,MOCK
2026-09-09T07:00:00,New_Delhi,28.612873,77.228051,29.7,74.4,0.0,MOCK
2026-09-05T22:00:00,Dwarka,28.593319,77.045767,26.1,74.7,0.0,MOCK
2026-09-05T00:00:00,Faridabad,28.410407,77.318401,25.9,76.3,0.0,MOCK
2026-09-02T17:00:00,Noida,28.53643,77.391095,29.8,68.7,0.0,MOCK
2026-09-08T14:00:00,Ghaziabad,28.668651,77.453134,33.1,67.9,0.0,MOCK
2026-09-05T18:00:00,Faridabad,28.410357,77.316254,30.2,72.1,0.0,MOCK
2026-09-01T08:00:00,Faridabad,28.407694,77.316558,29.7,73.4,0.0,MOCK
2026-09-02T04:00:00,Rohini,28.74926,77.05739,27.3,77.3,11.8,MOCK
2026-09-07T04:00:00,Gurugram,28.459285,77.025421,27.5,82.2,0.0,MOCK
2026-09-02T04:00:00,Gurugram,28.459789,77.026504,28.1,81.2,0.0,MOCK
2026-09-02T06:00:00,Gurugram,28.45768,77.027948,26.8,82.8,0.0,MOCK
2026-09-03T03:00:00,Ghaziabad,28.66879,77.452708,25.8,79.4,0.0,MOCK
2026-09-06T23:00:00,Ghaziabad,28.668094,77.452263,26.3,74.6,0.0,MOCK
2026-09-05T08:00:00,Gurugram,28.459192,77.027626,28.8,70.6,0.0,MOCK
2026-09-03T10:00:00,Gurugram,28.461248,77.026052,32.0,69.4,0.0,MOCK
2026-09-07T03:00:00,Rohini,28.74945,77.057024,26.0,79.5,0.0,MOCK
2026-09-08T16:00:00,Najafgarh,28.610684,76.978327,33.2,68.2,0.0,MOCK
2026-09-02T18:00:00,Najafgarh,28.608014,76.98104,31.1,75.0,0.0,MOCK
2026-09-04T06:00:00,Faridabad,28.407401,77.316647,29.7,82.9,0.0,MOCK
2026-09-01T15:00:00,New_Delhi,28.614155,77.230242,33.5,58.3,0.0,MOCK
2026-09-06T01:00:00,Dwarka,28.591747,77.046242,24.6,81.0,6.9,MOCK
2026-09-08T14:00:00,Shahdara,28.67177,77.290056,32.9,60.8,0.0,MOCK
2026-09-01T18:00:00,Rohini,28.748371,77.056219,29.2,66.8,0.0,MOCK
2026-09-03T18:00:00,Najafgarh,28.610022,76.980287,30.4,76.2,16.2,MOCK
2026-09-07T15:00:00,Delhi_Central,28.612333,77.207935,32.9,60.7,0.0,MOCK
2026-09-06T09:00:00,Dwarka,28.590386,77.045881,31.6,60.0,0.0,MOCK
2026-09-02T02:00:00,Gurugram,28.459727,77.028041,25.4,82.9,0.0,MOCK
2026-09-01T12:00:00,Dwarka,28.591764,77.046148,32.4,67.2,,MOCK
2026-09-03T22:00:00,New_Delhi,28.611723,77.228982,27.3,71.0,0.0,MOCK
2026-09-08T20:00:00,Najafgarh,28.609879,76.97806,26.4,73.0,0.0,MOCK
2026-09-06T02:00:00,Faridabad,28.410881,77.319024,26.4,84.8,0.0,MOCK
2026-09-01T17:00:00,Gurugram,28.458855,77.02698,33.8,73.6,17.6,MOCK
2026-09-07T00:00:00,Rohini,28.751277,77.054785,27.1,75.7,0.0,MOCK
2026-09-07T11:00:00,Rohini,28.748414,77.057409,34.4,74.4,0.0,MOCK
2026-09-08T09:00:00,Dwarka,28.590318,77.047796,31.2,73.0,0.0,MOCK
2026-09-04T04:00:00,Noida,28.535143,77.391185,24.9,73.7,0.0,MOCK
2026-09-08T06:00:00,Faridabad,28.410174,77.316552,29.5,79.0,4.0,MOCK
2026-09-01T17:00:00,Najafgarh,28.608362,76.979726,31.6,63.1,0.0,MOCK
2026-09-01T20:00:00,Noida,28.534213,77.391688,27.1,82.6,0.0,MOCK
2026-09-05T22:00:00,Faridabad,28.408908,77.319271,27.3,77.1,16.2,MOCK
2026-09-05T19:00:00,Shahdara,28.673245,77.287192,29.7,72.3,0.0,MOCK
2026-09-08T02:00:00,Rohini,28.750095,77.057688,26.4,83.3,0.0,MOCK
2026-09-06T19:00:00,Dwarka,28.593322,77.045755,30.3,83.2,0.0,MOCK
2026-09-05T06:00:00,Ghaziabad,28.66752,77.45569,27.0,75.8,0.0,MOCK
2026-09-01T09:00:00,Najafgarh,28.60849,76.980113,31.3,71.5,0.0,MOCK
2026-09-01T15:00:00,Shahdara,28.674352,77.287534,31.6,58.9,0.0,MOCK
2026-09-04T18:00:00,Noida,28.533964,77.38967,30.7,66.4,0.0,MOCK
2026-09-07T20:00:00,Noida,28.534871,77.391584,29.0,83.6,0.0,MOCK
2026-09-01T22:00:00,Gurugram,28.460217,77.025211,28.9,79.9,0.0,MOCK
2026-09-03T14:00:00,Dwarka,28.593688,77.047099,33.0,64.9,0.0,MOCK
2026-09-01T15:00:00,Faridabad,28.410357,77.319777,32.8,69.3,0.0,MOCK
2026-09-05T17:00:00,Gurugram,28.460488,77.027016,32.4,66.5,0.0,MOCK
2026-09-02T12:00:00,Gurugram,28.459511,77.02766,33.7,62.9,0.0,MOCK
2026-09-08T23:00:00,Dwarka,28.592265,77.0472,25.1,83.0,0.0,MOCK
2026-09-04T01:00:00,Dwarka,28.590681,77.047703,26.5,77.3,1.8,MOCK
2026-09-03T22:00:00,Ghaziabad,28.670682,77.452895,27.0,75.7,0.0,MOCK
2026-09-07T06:00:00,Rohini,28.748298,77.055992,26.6,79.9,0.0,MOCK
2026-09-04T04:00:00,Najafgarh,28.609276,76.97845,27.8,75.7,0.0,MOCK
2026-09-07T13:00:00,Shahdara,28.675159,77.287505,32.7,64.2,0.0,MOCK
2026-09-02T04:00:00,Shahdara,28.672427,77.287486,27.2,71.4,0.0,MOCK
2026-09-04T05:00:00,Gurugram,28.458021,77.028025,28.1,70.5,0.0,MOCK
2026-09-05T02:00:00,New_Delhi,28.612853,77.230369,25.6,75.0,0.0,MOCK
2026-09-01T11:00:00,Shahdara,28.671303,77.28759,32.9,58.3,0.0,MOCK
2026-09-06T14:00:00,Ghaziabad,28.670628,77.455421,32.4,68.7,0.0,MOCK
2026-09-03T15:00:00,Rohini,95.5,77.05556,32.9,68.2,0.0,MOCK
2026-09-09T04:00:00,Gurugram,28.458209,77.027672,26.6,83.2,0.0,MOCK
2026-09-03T23:00:00,Faridabad,28.41076,77.317287,27.2,77.1,0.0,MOCK
2026-09-05T14:00:00,Ghaziabad,28.670089,77.453838,33.0,68.7,0.0,MOCK
2026-09-03T22:00:00,Noida,28.535026,77.39118,26.2,73.5,0.0,MOCK
2026-09-02T07:00:00,Dwarka,28.590877,77.044725,28.5,71.8,0.0,MOCK
2026-09-07T05:00:00,Shahdara,28.673973,77.28908,27.7,81.2,0.0,MOCK
2026-09-07T03:00:00,Noida,28.5373,77.389531,25.3,83.7,0.0,MOCK
2026-09-01T04:00:00,Ghaziabad,28.66944,77.453616,28.1,77.1,0.0,MOCK
2026-09-09T01:00:00,Delhi_Central,28.612745,77.207549,26.7,80.7,5.6,MOCK
2026-09-06T12:00:00,Noida,28.535398,77.389705,34.0,71.4,0.0,MOCK
2026-09-04T10:00:00,Faridabad,28.407161,77.318188,31.9,65.8,0.0,MOCK
2026-09-01T03:00:00,Noida,28.535875,77.391101,25.9,80.9,0.0,MOCK
2026-09-01T17:00:00,Ghaziabad,28.669016,77.453113,31.7,65.7,0.0,MOCK
2026-09-05T21:00:00,Faridabad,28.41071,77.319687,26.9,75.1,0.0,MOCK
2026-09-05T16:00:00,Dwarka,28.592294,77.044105,31.8,67.8,15.8,MOCK
2026-09-05T04:00:00,Noida,28.537369,77.392584,28.4,81.6,0.0,MOCK
2026-09-02T05:00:00,Rohini,28.75094,77.054847,27.1,74.1,0.0,MOCK
2026-09-07T10:00:00,Ghaziabad,28.669912,77.455761,33.7,56.6,0.0,MOCK
2026-09-07T09:00:00,Noida,28.537052,77.389444,32.3,66.9,0.0,MOCK
2026-09-03T13:00:00,New_Delhi,28.614843,77.227722,33.9,62.4,0.0,MOCK
2026-09-09T05:00:00,Shahdara,28.67485,77.288176,28.8,74.9,0.0,MOCK
2026-09-05T11:00:00,New_Delhi,28.611902,77.230925,32.8,58.4,0.0,MOCK
2026-09-06T12:00:00,Dwarka,28.592826,77.045248,34.3,59.8,0.0,MOCK
2026-09-05T11:00:00,Rohini,28.749666,77.058383,32.0,59.5,0.0,MOCK
2026-09-06T04:00:00,Shahdara,28.674821,77.290469,26.3,71.5,0.0,MOCK
2026-09-04T05:00:00,Noida,28.533953,77.390926,26.3,84.0,0.0,MOCK
2026-09-07T08:00:00,Rohini,28.749034,77.056855,30.2,76.2,0.0,MOCK
2026-09-07T16:00:00,Dwarka,28.590988,77.047423,29.3,65.2,0.0,MOCK
2026-09-01T10:00:00,Gurugram,28.458919,77.026118,32.4,64.3,0.0,MOCK
2026-09-07T08:00:00,Dwarka,28.593942,77.044388,30.4,70.4,0.0,MOCK
2026-09-09T06:00:00,Faridabad,28.410497,77.317597,27.9,66.0,0.0,MOCK
2026-09-04T06:00:00,Noida,28.537435,77.392115,28.8,71.9,0.0,MOCK
2026-09-01T20:00:00,Shahdara,28.672847,77.290285,27.7,78.9,0.0,MOCK
2026-09-02T00:00:00,Najafgarh,28.609745,76.978539,25.4,72.1,0.0,MOCK
2026-09-02T04:00:00,Delhi_Central,28.613791,77.210138,27.8,79.5,0.0,MOCK
2026-09-03T13:00:00,Noida,28.535447,77.391369,34.0,63.0,0.0,MOCK
2026-09-03T20:00:00,Faridabad,28.407138,195.0,30.4,74.5,0.0,MOCK
2026-09-06T23:00:00,New_Delhi,28.612856,77.22975,25.5,80.0,0.0,MOCK
2026-09-05T01:00:00,Shahdara,28.671712,77.2882,25.6,84.2,0.0,MOCK
2026-09-06T03:00:00,Shahdara,28.672606,77.288831,25.1,80.0,0.0,MOCK
2026-09-05T04:00:00,Delhi_Central,28.612272,77.207886,26.4,72.0,0.0,MOCK
2026-09-08T22:00:00,Noida,28.53555,77.391301,26.6,74.1,0.0,MOCK
2026-09-03T04:00:00,Shahdara,28.672753,77.287423,27.0,73.2,0.0,MOCK
2026-09-04T04:00:00,Delhi_Central,28.613179,77.209161,26.3,79.0,0.0,MOCK
2026-09-02T13:00:00,Delhi_Central,28.613911,77.210411,31.1,62.7,0.0,MOCK
2026-09-07T03:00:00,Faridabad,28.409106,77.316977,27.0,83.1,0.0,MOCK
2026-09-04T11:00:00,Shahdara,28.674265,77.29049,32.8,66.7,0.0,MOCK
2026-09-01T10:00:00,Delhi_Central,28.615271,77.210104,33.4,66.2,0.0,MOCK
2026-09-04T23:00:00,Najafgarh,28.608964,76.978877,25.9,78.4,0.0,MOCK
2026-09-06T22:00:00,Faridabad,28.407619,77.315841,27.1,79.8,0.0,MOCK
2026-09-08T21:00:00,Ghaziabad,28.668196,77.454235,29.8,77.9,0.0,MOCK
2026-09-05T05:00:00,Rohini,28.748626,77.05545,27.6,69.7,0.0,MOCK
2026-09-07T06:00:00,Najafgarh,28.608679,76.980053,28.7,84.7,0.0,MOCK
2026-09-01T14:00:00,Noida,28.534738,77.392075,33.9,62.8,0.0,MOCK
2026-09-03T00:00:00,Rohini,28.7481,77.058225,26.2,77.1,0.0,MOCK
2026-09-06T15:00:00,Noida,28.536386,77.391371,32.2,60.9,0.0,MOCK
2026-09-07T01:00:00,Najafgarh,28.61037,76.978577,25.5,74.8,0.0,MOCK
2026-09-03T15:00:00,Noida,28.535477,77.391641,34.5,70.1,0.0,MOCK
2026-09-04T03:00:00,Faridabad,28.407524,77.319325,25.9,84.5,0.0,MOCK
2026-09-08T04:00:00,Gurugram,28.46033,77.026844,27.8,72.7,0.0,MOCK
2026-09-02T17:00:00,New_Delhi,28.612628,77.230623,31.3,67.4,0.0,MOCK
2026-09-03T03:00:00,Shahdara,28.672904,77.288634,27.0,80.7,0.0,MOCK
2026-09-03T17:00:00,New_Delhi,28.61457,77.229754,32.5,73.0,0.0,MOCK
2026-09-07T11:00:00,Dwarka,28.590822,77.045606,32.4,66.9,0.0,MOCK
2026-09-02T02:00:00,New_Delhi,28.614986,77.228388,24.9,87.9,0.0,MOCK
2026-09-03T01:00:00,Ghaziabad,28.667234,77.452998,27.5,79.5,0.0,MOCK
2026-09-01T07:00:00,Faridabad,28.410257,77.316447,29.3,78.7,0.0,MOCK
2026-09-05T16:00:00,Noida,28.536091,77.389706,32.4,66.2,0.0,MOCK
2026-09-03T01:00:00,Rohini,28.749177,77.055787,27.2,75.6,0.0,MOCK
2026-09-01T06:00:00,Delhi_Central,28.614718,77.207183,29.8,69.1,0.0,MOCK
2026-09-07T04:00:00,Rohini,28.750545,77.055174,26.3,82.5,0.0,MOCK
2026-09-07T07:00:00,Faridabad,28.408617,77.318069,29.7,64.6,0.0,MOCK
2026-09-06T10:00:00,Ghaziabad,28.67046,77.453274,30.5,61.8,0.0,MOCK
2026-09-08T16:00:00,Ghaziabad,28.668426,77.455085,,72.2,0.0,MOCK
2026-09-05T16:00:00,Gurugram,28.459995,77.02566,31.8,71.7,0.0,MOCK
2026-09-07T09:00:00,Shahdara,28.673815,77.290268,30.9,72.9,0.0,MOCK
2026-09-03T15:00:00,Ghaziabad,28.670663,77.45232,33.5,68.6,17.2,MOCK
2026-09-06T14:00:00,Noida,28.537199,77.389704,32.7,58.3,0.0,MOCK
2026-09-01T05:00:00,Shahdara,28.673604,77.28874,28.3,76.6,0.0,MOCK
2026-09-08T03:00:00,Ghaziabad,28.668025,77.452445,24.1,76.2,0.0,MOCK
2026-09-03T20:00:00,New_Delhi,28.61239,77.227792,30.0,72.7,0.0,MOCK
2026-09-06T07:00:00,Gurugram,28.460128,77.025125,30.3,70.0,0.0,MOCK
2026-09-01T12:00:00,Rohini,28.747881,77.058351,34.0,72.5,0.0,MOCK
2026-09-09T05:00:00,Ghaziabad,28.669312,77.454237,28.1,66.0,0.0,MOCK
2026-09-01T20:00:00,Ghaziabad,28.671039,77.454817,28.2,72.6,0.0,MOCK
2026-09-02T16:00:00,Faridabad,28.407129,77.319064,32.3,62.6,0.0,MOCK
2026-09-05T15:00:00,Delhi_Central,28.61486,77.21079,33.7,65.2,0.0,MOCK
2026-09-05T03:00:00,New_Delhi,28.614916,77.229128,26.3,82.6,0.0,MOCK
2026-09-03T23:00:00,Gurugram,28.460698,77.025395,26.5,75.5,0.0,MOCK
2026-09-08T07:00:00,Najafgarh,28.610982,76.981134,28.6,70.4,0.0,MOCK
2026-09-06T20:00:00,Faridabad,28.408346,77.319153,27.4,82.3,0.0,MOCK
2026-09-07T11:00:00,Gurugram,28.460722,77.028556,32.3,71.7,0.0,MOCK
2026-09-06T19:00:00,Delhi_Central,28.615309,77.210437,29.2,77.2,0.0,MOCK
2026-09-08T21:00:00,Najafgarh,28.608974,76.978902,28.5,71.6,0.0,MOCK
2026-09-08T18:00:00,Noida,28.533607,77.38901,30.9,67.1,0.0,MOCK
2026-09-04T17:00:00,Dwarka,28.593591,77.044827,31.6,65.7,0.0,MOCK
2026-09-02T05:00:00,New_Delhi,28.613984,77.228055,27.3,73.7,0.0,MOCK
2026-09-03T07:00:00,Gurugram,28.45906,77.027593,30.2,77.0,0.0,MOCK
2026-09-08T13:00:00,Delhi_Central,28.615147,77.209225,32.7,62.9,0.0,MOCK
2026-09-05T04:00:00,Ghaziabad,28.667513,77.4547,26.4,73.2,0.0,MOCK
2026-09-07T02:00:00,Najafgarh,28.607294,76.978896,24.9,77.2,0.0,MOCK
2026-09-07T20:00:00,Rohini,28.748097,77.05486,28.4,66.3,0.0,MOCK
2026-09-01T03:00:00,New_Delhi,28.613741,77.229998,27.1,74.2,0.0,MOCK
2026-09-07T01:00:00,Rohini,28.748693,77.054716,27.2,76.6,0.0,MOCK
2026-09-06T14:00:00,Rohini,28.749936,77.055694,32.1,58.1,0.0,MOCK
2026-09-02T07:00:00,Shahdara,28.671446,77.289955,29.2,77.1,0.0,MOCK
2026-09-01T14:00:00,Rohini,28.750205,77.056458,33.8,71.0,0.0,MOCK
2026-09-03T19:00:00,Delhi_Central,28.614432,77.208341,28.8,69.7,0.0,MOCK
2026-09-03T15:00:00,Dwarka,28.591018,77.047209,32.0,61.5,9.6,MOCK
2026-09-02T13:00:00,Najafgarh,28.607896,76.98137,33.2,58.3,0.0,MOCK
2026-09-04T00:00:00,Dwarka,28.592302,77.046788,25.9,81.7,,MOCK
2026-09-08T09:00:00,Rohini,28.749733,77.058451,30.5,73.2,0.0,MOCK
2026-09-05T11:00:00,Gurugram,28.45941,77.025194,32.0,64.9,0.0,MOCK
2026-09-05T02:00:00,Shahdara,28.674366,77.290143,24.3,76.0,0.0,MOCK
2026-09-03T16:00:00,Noida,28.536045,77.389001,34.2,70.6,0.0,MOCK
2026-09-03T17:00:00,Rohini,28.748923,77.056554,30.9,65.1,0.0,MOCK
2026-09-05T18:00:00,Delhi_Central,28.615051,77.2095,30.6,65.8,0.0,MOCK
2026-09-04T21:00:00,Delhi_Central,28.612322,77.210843,27.6,75.7,0.0,MOCK
2026-09-01T05:00:00,Ghaziabad,28.670955,77.45353,29.5,73.6,0.0,MOCK
2026-09-05T13:00:00,Shahdara,28.674299,77.288298,31.3,71.0,0.0,MOCK
2026-09-07T22:00:00,Noida,28.535437,77.392883,27.1,82.6,0.0,MOCK
2026-09-06T00:00:00,Rohini,28.749466,77.057285,26.9,80.3,0.0,MOCK
2026-09-03T21:00:00,Rohini,28.75111,77.056274,27.7,74.3,1.3,MOCK
2026-09-07T06:00:00,Noida,28.536034,77.392442,27.1,77.9,0.0,MOCK
2026-09-06T07:00:00,Delhi_Central,28.612534,77.209203,31.3,79.4,0.0,MOCK
2026-09-03T00:00:00,New_Delhi,28.61363,77.230625,27.1,73.6,0.0,MOCK
2026-09-06T06:00:00,Najafgarh,28.609431,76.978634,30.5,71.6,1.4,MOCK
2026-09-05T05:00:00,Delhi_Central,28.614024,77.208702,27.5,72.6,0.0,MOCK
2026-09-06T23:00:00,Najafgarh,28.610162,76.97888,27.5,83.5,0.0,MOCK
2026-09-03T07:00:00,Faridabad,28.407804,77.319316,29.6,72.6,0.0,MOCK
2026-09-07T19:00:00,Najafgarh,28.607239,76.979465,29.8,70.3,0.0,MOCK
2026-09-01T18:00:00,New_Delhi,28.614735,77.227651,31.2,68.5,0.0,MOCK
2026-09-01T05:00:00,Dwarka,28.592582,77.047124,26.2,80.5,0.0,MOCK
2026-09-07T04:00:00,Delhi_Central,28.614188,77.209299,27.0,81.1,0.0,MOCK
2026-09-04T08:00:00,Najafgarh,28.607915,76.979651,30.9,73.7,0.0,MOCK
2026-09-05T12:00:00,Noida,28.53726,77.390963,32.8,56.4,0.0,MOCK
2026-09-07T06:00:00,Delhi_Central,28.613887,77.210617,27.1,67.9,0.0,MOCK
2026-09-05T19:00:00,Noida,28.534731,77.391136,29.3,66.7,9.8,MOCK
2026-09-07T07:00:00,Gurugram,28.457871,77.026807,30.5,69.9,0.0,MOCK
2026-09-06T13:00:00,New_Delhi,28.614343,77.228775,32.0,64.7,0.0,MOCK
2026-09-03T16:00:00,New_Delhi,28.611875,77.231266,32.7,69.0,0.0,MOCK
2026-09-02T02:00:00,Shahdara,28.673427,77.288534,25.7,78.5,0.0,MOCK
2026-09-08T19:00:00,Gurugram,28.459429,77.026991,30.8,69.1,16.8,MOCK
2026-09-03T12:00:00,Shahdara,28.672001,77.290749,33.2,62.7,0.0,MOCK
2026-09-04T02:00:00,New_Delhi,28.613222,77.231367,24.2,79.4,0.0,MOCK
2026-09-02T10:00:00,Ghaziabad,28.670897,77.45498,32.5,61.1,0.0,MOCK
2026-09-07T18:00:00,Dwarka,28.590654,77.045468,30.0,69.0,0.0,MOCK
2026-09-02T14:00:00,Gurugram,95.5,77.028585,33.6,57.2,0.0,MOCK
2026-09-01T13:00:00,Ghaziabad,28.670591,77.45206,32.1,63.6,5.8,MOCK
2026-09-08T12:00:00,Faridabad,28.407236,77.317526,32.2,60.9,0.0,MOCK
2026-09-03T09:00:00,New_Delhi,28.613416,77.228976,32.1,70.3,0.0,MOCK
2026-09-01T02:00:00,Dwarka,28.593572,77.046958,26.5,78.3,0.0,MOCK
2026-09-01T11:00:00,Ghaziabad,28.667418,77.453134,32.3,67.3,0.0,MOCK
2026-09-03T22:00:00,Rohini,28.747671,77.056344,28.7,83.7,0.0,MOCK
2026-09-06T16:00:00,Ghaziabad,28.668405,77.454492,32.0,62.9,0.0,MOCK
2026-09-06T15:00:00,Dwarka,28.590579,77.047157,31.7,62.8,0.0,MOCK
2026-09-07T06:00:00,Dwarka,28.590343,77.046232,26.0,74.4,0.0,MOCK
2026-09-09T06:00:00,Noida,28.533956,77.390842,27.6,73.2,0.0,MOCK
2026-09-09T07:00:00,Dwarka,28.590873,77.044129,28.4,77.6,0.0,MOCK
2026-09-02T08:00:00,Dwarka,28.594077,77.045845,31.7,62.6,0.0,MOCK
2026-09-03T08:00:00,Shahdara,28.672941,77.289546,31.4,67.9,0.0,MOCK
2026-09-05T20:00:00,Faridabad,28.410816,77.317481,25.7,77.3,0.0,MOCK
2026-09-07T11:00:00,Faridabad,28.408174,77.315844,32.9,62.2,0.0,MOCK
2026-09-06T04:00:00,Dwarka,28.593514,77.04473,27.1,83.8,0.0,MOCK
2026-09-07T21:00:00,Delhi_Central,28.612297,77.209743,27.9,78.9,0.0,MOCK
2026-09-08T17:00:00,Dwarka,28.590186,77.04499,31.7,72.5,0.0,MOCK
2026-09-06T10:00:00,Rohini,28.75057,77.054536,31.7,63.8,14.1,MOCK
2026-09-08T04:00:00,Rohini,28.749019,77.055934,26.0,73.5,0.0,MOCK
2026-09-07T15:00:00,Shahdara,28.674768,77.289019,33.5,69.4,0.0,MOCK
2026-09-08T04:00:00,Delhi_Central,28.614883,77.208905,27.4,78.5,0.0,MOCK
2026-09-07T23:00:00,Faridabad,28.410858,77.319536,26.6,86.6,0.0,MOCK
2026-09-03T20:00:00,Dwarka,28.591794,77.045463,28.7,78.8,0.0,MOCK
2026-09-01T18:00:00,Dwarka,28.593893,77.04467,31.5,72.4,0.0,MOCK
2026-09-06T08:00:00,Najafgarh,28.608128,76.978968,28.7,70.6,0.0,MOCK
2026-09-03T09:00:00,Noida,28.53677,77.392187,30.8,62.8,0.0,MOCK
2026-09-05T04:00:00,Shahdara,28.673188,77.290425,26.7,70.6,0.0,MOCK
2026-09-08T03:00:00,Dwarka,28.59044,77.046007,26.2,81.2,0.0,MOCK
2026-09-08T05:00:00,New_Delhi,28.6137,77.229875,26.8,76.0,0.0,MOCK
2026-09-02T19:00:00,New_Delhi,28.61319,77.231197,31.1,69.6,0.0,MOCK
2026-09-08T22:00:00,Gurugram,28.459942,77.02843,27.0,81.3,0.0,MOCK
2026-09-06T04:00:00,Gurugram,28.457754,77.028172,26.4,72.6,0.0,MOCK
2026-09-05T01:00:00,Najafgarh,28.610131,76.981321,23.7,81.4,0.0,MOCK
2026-09-08T18:00:00,Shahdara,28.674508,77.289916,31.6,71.5,0.0,MOCK
2026-09-08T14:00:00,Gurugram,28.459128,77.026537,32.4,60.7,8.5,MOCK
2026-09-06T18:00:00,Faridabad,28.41064,195.0,31.1,63.3,0.0,MOCK
2026-09-08T20:00:00,Noida,28.533977,77.390109,28.1,76.3,0.0,MOCK
2026-09-07T12:00:00,New_Delhi,28.611424,77.227538,33.0,62.9,0.0,MOCK
2026-09-02T18:00:00,Ghaziabad,28.670942,77.453296,30.7,72.1,0.0,MOCK
2026-09-08T02:00:00,New_Delhi,28.612751,77.227839,25.0,77.3,0.0,MOCK
2026-09-02T03:00:00,Gurugram,28.460363,77.02655,25.8,84.5,0.0,MOCK
2026-09-07T03:00:00,Shahdara,28.675069,77.287902,26.0,76.5,0.0,MOCK
2026-09-01T03:00:00,Shahdara,28.671332,77.288686,27.7,79.9,0.0,MOCK
2026-09-09T06:00:00,Shahdara,28.671463,77.289192,29.2,73.3,0.0,MOCK
2026-09-02T14:00:00,Rohini,28.749646,77.056964,32.7,64.6,0.0,MOCK
2026-09-07T10:00:00,Shahdara,28.673484,77.287471,30.8,64.6,0.0,MOCK
2026-09-02T15:00:00,Dwarka,28.593645,77.044306,33.1,63.7,0.0,MOCK
2026-09-08T07:00:00,Ghaziabad,28.667596,77.455079,30.3,71.7,0.0,MOCK
2026-09-02T19:00:00,Faridabad,28.410167,77.316683,28.9,65.4,0.0,MOCK
2026-09-01T23:00:00,Ghaziabad,28.668001,77.455434,26.9,71.8,0.0,MOCK
2026-09-03T03:00:00,New_Delhi,28.611654,77.230443,25.7,77.8,0.0,MOCK
2026-09-01T21:00:00,Faridabad,28.40709,77.315964,27.3,79.5,0.0,MOCK
2026-09-08T16:00:00,Noida,28.536341,77.392021,30.5,71.4,0.0,MOCK
2026-09-01T19:00:00,Noida,28.536168,77.392352,29.3,76.7,0.0,MOCK
2026-09-05T18:00:00,New_Delhi,28.61219,77.230519,29.8,70.9,0.0,MOCK
2026-09-06T01:00:00,Faridabad,28.409654,77.31755,24.6,76.8,0.0,MOCK
2026-09-05T06:00:00,Faridabad,28.410501,77.317659,28.1,74.4,0.0,MOCK
2026-09-05T05:00:00,New_Delhi,28.613341,77.230392,25.7,68.9,0.0,MOCK
2026-09-01T16:00:00,Dwarka,28.591644,77.046161,32.7,63.4,0.0,MOCK
2026-09-06T07:00:00,Ghaziabad,28.671198,77.455067,28.8,75.6,0.0,MOCK
2026-09-02T20:00:00,Gurugram,28.460576,77.026335,26.7,75.9,0.0,MOCK
2026-09-02T10:00:00,Rohini,28.749613,77.058411,31.8,66.7,0.0,MOCK
2026-09-08T17:00:00,Faridabad,28.410418,77.316873,30.4,64.3,0.0,MOCK
2026-09-02T16:00:00,Ghaziabad,28.668273,77.453404,31.8,71.0,0.0,MOCK
2026-09-03T23:00:00,Rohini,28.747618,77.057233,27.4,83.1,0.0,MOCK
2026-09-08T20:00:00,Ghaziabad,28.668715,77.454742,28.8,74.3,0.0,MOCK
2026-09-03T21:00:00,Ghaziabad,28.670843,77.452534,28.1,84.4,0.0,MOCK
2026-09-04T02:00:00,Dwarka,28.590251,77.045537,25.0,79.9,0.0,MOCK
2026-09-01T05:00:00,Delhi_Central,28.613414,77.209208,28.1,69.7,0.0,MOCK
2026-09-03T06:00:00,Dwarka,28.590745,77.046518,27.7,73.2,0.0,MOCK
2026-09-06T18:00:00,New_Delhi,28.614097,77.229735,28.6,65.1,0.0,MOCK
2026-09-04T10:00:00,Rohini,28.751027,77.056469,30.6,64.6,0.0,MOCK
2026-09-06T05:00:00,Gurugram,28.458887,77.02739,,78.1,0.0,MOCK
2026-09-03T18:00:00,Noida,28.534718,77.392773,30.3,66.9,0.0,MOCK
2026-09-02T07:00:00,New_Delhi,28.612352,77.228705,28.3,70.1,0.0,MOCK
2026-09-02T00:00:00,Gurugram,28.458874,77.028039,26.2,85.0,0.0,MOCK
2026-09-02T10:00:00,Delhi_Central,28.613416,77.210941,31.4,66.9,0.0,MOCK
2026-09-02T04:00:00,Faridabad,28.407075,77.316567,25.8,65.4,0.0,MOCK
2026-09-04T03:00:00,Rohini,28.748936,77.056678,27.6,71.8,0.0,MOCK
2026-09-04T23:00:00,Delhi_Central,28.613642,77.209924,26.1,85.8,0.0,MOCK
2026-09-08T23:00:00,Gurugram,28.460511,77.026411,25.4,84.1,0.0,MOCK
2026-09-08T09:00:00,Noida,28.535282,77.391686,31.0,66.9,0.0,MOCK
2026-09-06T01:00:00,Shahdara,28.67407,77.290281,26.4,82.2,0.0,MOCK
2026-09-01T15:00:00,Delhi_Central,28.612154,77.208526,34.2,69.0,0.0,MOCK
2026-09-01T08:00:00,Delhi_Central,28.612968,77.210747,29.7,67.2,0.0,MOCK
2026-09-03T09:00:00,Faridabad,28.407373,77.319493,32.7,74.2,0.0,MOCK
2026-09-03T03:00:00,Najafgarh,28.607757,76.979988,25.6,81.2,0.0,MOCK
2026-09-03T01:00:00,Delhi_Central,28.615432,77.210616,25.5,74.5,1.5,MOCK
2026-09-06T06:00:00,New_Delhi,28.6141,77.227951,28.1,77.7,0.0,MOCK
2026-09-01T03:00:00,Najafgarh,28.610399,76.977862,25.0,74.4,0.0,MOCK
2026-09-01T08:00:00,Najafgarh,28.607593,76.978845,30.8,64.8,0.0,MOCK
2026-09-03T18:00:00,Dwarka,28.593258,77.046312,30.4,67.2,0.0,MOCK
2026-09-08T22:00:00,Shahdara,28.673766,77.289959,28.1,70.3,0.0,MOCK
2026-09-03T17:00:00,Dwarka,28.593536,77.045133,31.7,69.4,0.0,MOCK
2026-09-07T23:00:00,Rohini,28.750533,77.054684,26.9,75.3,0.0,MOCK
2026-09-04T13:00:00,Shahdara,28.673124,77.287161,32.4,59.0,0.0,MOCK
2026-09-04T21:00:00,Gurugram,28.459843,77.026934,27.6,80.0,0.0,MOCK
2026-09-04T08:00:00,Dwarka,28.591492,77.047853,31.7,71.8,0.0,MOCK
2026-09-05T09:00:00,Faridabad,28.409461,77.317081,30.7,69.3,0.0,MOCK
2026-09-04T09:00:00,Faridabad,28.407211,77.318213,31.2,62.8,0.0,MOCK
2026-09-03T17:00:00,Shahdara,28.674164,77.287484,31.4,67.0,0.0,MOCK
2026-09-01T13:00:00,Najafgarh,28.61103,76.979484,32.4,66.2,10.1,MOCK
2026-09-09T00:00:00,Rohini,28.74905,77.056902,26.8,84.1,0.0,MOCK
2026-09-07T22:00:00,New_Delhi,28.614052,77.227828,26.9,75.9,0.0,MOCK
2026-09-01T14:00:00,Najafgarh,28.609249,76.978309,32.8,59.1,0.0,MOCK
2026-09-01T14:00:00,Faridabad,28.409944,77.316791,32.7,60.4,0.0,MOCK
2026-09-01T10:00:00,Dwarka,28.59383,77.046462,32.1,68.5,0.0,MOCK
2026-09-03T07:00:00,Najafgarh,28.609801,76.979526,28.5,73.2,0.0,MOCK
2026-09-05T20:00:00,Dwarka,28.593978,77.04679,29.0,73.2,0.0,MOCK
2026-09-05T19:00:00,Gurugram,28.459447,77.027074,29.9,64.5,,MOCK
2026-09-06T10:00:00,Gurugram,28.457904,77.026264,31.4,64.8,0.0,MOCK
2026-09-09T00:00:00,Noida,28.534924,77.390159,26.0,82.1,0.0,MOCK
2026-09-08T17:00:00,Rohini,28.748387,77.055865,29.9,62.9,0.0,MOCK
2026-09-06T21:00:00,Gurugram,28.458106,77.027614,26.4,80.6,0.0,MOCK
2026-09-05T05:00:00,Ghaziabad,28.668196,77.452941,26.6,81.7,0.0,MOCK
2026-09-08T05:00:00,Faridabad,28.409841,77.316624,29.2,78.3,0.0,MOCK
2026-09-05T12:00:00,Dwarka,28.590385,77.044648,32.7,69.5,0.0,MOCK
2026-09-04T00:00:00,Najafgarh,28.607304,76.980235,26.6,80.4,0.0,MOCK
2026-09-08T08:00:00,Ghaziabad,28.67103,77.454209,30.1,72.6,0.0,MOCK
2026-09-07T20:00:00,Shahdara,28.674733,77.288114,29.4,71.7,0.0,MOCK
2026-09-01T01:00:00,New_Delhi,28.611989,77.22991,25.8,72.9,0.0,MOCK
2026-09-06T16:00:00,New_Delhi,28.613787,77.231189,31.3,65.9,0.0,MOCK
2026-09-03T03:00:00,Faridabad,28.408254,77.31863,27.4,76.5,0.0,MOCK
2026-09-03T02:00:00,Rohini,28.748991,77.056508,24.3,82.5,0.0,MOCK
2026-09-04T07:00:00,Faridabad,28.409137,77.319167,28.5,70.1,0.0,MOCK
2026-09-08T23:00:00,Delhi_Central,28.612993,77.21002,26.0,84.4,0.0,MOCK
2026-09-06T09:00:00,Rohini,28.750928,77.05709,31.2,69.8,0.0,MOCK
2026-09-01T21:00:00,Gurugram,28.457898,77.024811,27.9,80.5,0.0,MOCK
2026-09-02T05:00:00,Gurugram,28.461383,77.027068,28.0,72.0,0.0,MOCK
2026-09-03T11:00:00,Delhi_Central,28.613638,77.209914,33.2,74.7,0.0,MOCK
2026-09-03T02:00:00,New_Delhi,28.614252,77.229796,25.8,75.6,0.0,MOCK
2026-09-04T12:00:00,Faridabad,28.407083,77.317058,34.3,63.9,0.0,MOCK
2026-09-04T07:00:00,Najafgarh,28.610441,76.980232,29.3,69.5,0.0,MOCK
2026-09-06T17:00:00,Najafgarh,28.61041,76.978161,31.1,65.9,13.1,MOCK
2026-09-05T08:00:00,Shahdara,28.672587,77.290164,30.4,76.2,0.0,MOCK
2026-09-02T06:00:00,Faridabad,28.407171,77.317476,29.6,71.3,0.0,MOCK
2026-09-08T12:00:00,Ghaziabad,28.66962,77.453479,33.8,68.3,0.0,MOCK
2026-09-02T17:00:00,Faridabad,28.410786,77.31795,32.6,65.7,0.0,MOCK
2026-09-06T20:00:00,New_Delhi,28.61217,77.229918,29.9,73.5,0.0,MOCK
2026-09-04T09:00:00,New_Delhi,28.613262,77.228812,30.9,72.1,0.0,MOCK
2026-09-05T14:00:00,Noida,28.53724,77.390436,34.6,62.6,0.0,MOCK
2026-09-01T02:00:00,Delhi_Central,28.612782,77.209357,26.7,79.8,0.0,MOCK
2026-09-04T19:00:00,Gurugram,28.459441,77.026572,29.4,71.5,0.0,MOCK
2026-09-07T13:00:00,Gurugram,28.460357,77.026679,33.4,71.2,0.0,MOCK
2026-09-07T09:00:00,Ghaziabad,28.671138,77.454437,31.7,66.3,0.0,MOCK
2026-09-04T00:00:00,Rohini,28.751034,77.054639,25.5,81.8,0.0,MOCK
2026-09-06T12:00:00,Rohini,95.5,77.055508,34.1,63.5,0.0,MOCK
2026-09-04T03:00:00,Najafgarh,28.609912,76.981234,26.3,79.3,0.0,MOCK
2026-09-06T01:00:00,Najafgarh,28.609251,76.980908,24.8,83.8,0.0,MOCK
2026-09-01T15:00:00,Gurugram,28.459467,77.025021,31.0,66.3,0.0,MOCK
2026-09-06T20:00:00,Ghaziabad,28.667743,77.453938,29.3,78.5,0.0,MOCK
2026-09-04T11:00:00,Dwarka,28.592877,77.047864,35.0,63.2,0.0,MOCK
2026-09-02T04:00:00,Noida,28.533506,77.389096,27.7,82.3,0.0,MOCK
2026-09-07T10:00:00,New_Delhi,28.612824,77.22976,32.2,63.7,0.0,MOCK
2026-09-06T23:00:00,Rohini,28.748542,77.055676,26.8,75.2,0.0,MOCK
2026-09-05T09:00:00,Delhi_Central,28.612997,77.210897,31.0,70.9,9.7,MOCK
2026-09-03T14:00:00,Ghaziabad,28.668843,77.452428,33.4,66.4,0.0,MOCK
2026-09-01T17:00:00,Rohini,28.750424,77.056334,31.9,68.4,0.0,MOCK
2026-09-07T10:00:00,Dwarka,28.592654,77.045432,32.6,72.6,0.0,MOCK
2026-09-06T19:00:00,Shahdara,28.674268,77.290241,30.6,74.1,0.0,MOCK
2026-09-06T01:00:00,Gurugram,28.460352,77.028518,24.8,78.5,0.0,MOCK
2026-09-02T11:00:00,Rohini,28.749774,77.055962,33.9,64.7,0.0,MOCK
2026-09-04T09:00:00,Delhi_Central,28.612016,77.208345,30.4,66.5,0.0,MOCK
2026-09-05T14:00:00,Gurugram,28.459514,77.025056,32.1,63.4,0.0,MOCK
2026-09-02T01:00:00,Rohini,28.750768,77.058453,26.4,81.7,12.6,MOCK
2026-09-06T03:00:00,New_Delhi,28.613814,77.228891,25.7,82.9,0.0,MOCK
2026-09-05T18:00:00,Gurugram,28.458187,77.026508,30.8,68.7,2.3,MOCK
2026-09-01T19:00:00,Ghaziabad,28.668978,77.452773,28.9,69.7,0.0,MOCK
2026-09-01T12:00:00,Ghaziabad,28.670256,77.454301,34.2,55.4,0.0,MOCK
2026-09-04T02:00:00,Delhi_Central,28.614875,77.208899,24.4,79.1,0.0,MOCK
2026-09-05T10:00:00,Shahdara,28.674185,77.288879,32.3,68.5,0.0,MOCK
2026-09-04T00:00:00,Shahdara,28.671892,77.288154,25.7,74.4,0.0,MOCK
2026-09-03T11:00:00,New_Delhi,28.611495,77.23139,33.1,60.6,0.0,MOCK
2026-09-04T08:00:00,Ghaziabad,28.668762,77.453033,31.3,64.7,0.0,MOCK
2026-09-05T18:00:00,Shahdara,28.672321,77.289991,30.1,70.9,0.0,MOCK
2026-09-08T19:00:00,Shahdara,28.675194,77.287995,30.5,69.5,0.0,MOCK
2026-09-04T01:00:00,Faridabad,28.410155,77.316399,24.6,80.8,0.0,MOCK
2026-09-02T01:00:00,Ghaziabad,28.668875,77.452449,26.1,84.2,0.0,MOCK
2026-09-02T17:00:00,Rohini,28.749238,77.056313,30.3,60.5,0.0,MOCK
2026-09-07T13:00:00,Rohini,28.747694,77.058479,34.4,66.3,0.0,MOCK
2026-09-03T04:00:00,Najafgarh,28.608142,76.978092,27.0,68.3,0.0,MOCK
2026-09-07T05:00:00,Najafgarh,28.609386,76.978233,28.3,76.3,0.0,MOCK
2026-09-05T06:00:00,Dwarka,28.591694,77.046762,28.8,70.7,0.0,MOCK
2026-09-05T01:00:00,Dwarka,28.591564,195.0,25.1,78.7,0.0,MOCK
2026-09-08T15:00:00,Delhi_Central,28.614302,77.208407,33.2,57.4,0.0,MOCK
2026-09-04T05:00:00,Shahdara,28.671924,77.29041,26.0,78.9,0.0,MOCK
2026-09-07T17:00:00,Shahdara,28.671907,77.29044,32.4,68.9,0.0,MOCK
2026-09-03T22:00:00,Delhi_Central,28.611922,77.210004,26.0,73.0,0.0,MOCK
2026-09-09T00:00:00,Faridabad,28.408118,77.318745,24.6,79.0,0.0,MOCK
2026-09-06T09:00:00,Delhi_Central,28.612994,77.210339,32.3,64.1,0.0,MOCK
2026-09-07T10:00:00,Najafgarh,28.608826,76.977822,31.6,68.6,0.0,MOCK
2026-09-02T20:00:00,Delhi_Central,28.614516,77.207031,29.4,68.6,0.0,MOCK
2026-09-02T23:00:00,Gurugram,28.458526,77.027005,27.1,82.5,0.0,MOCK
2026-09-04T03:00:00,Ghaziabad,28.668508,77.454795,25.3,78.9,0.0,MOCK
2026-09-02T20:00:00,Ghaziabad,28.668836,77.455018,27.3,75.2,0.0,MOCK
2026-09-01T03:00:00,Gurugram,28.460672,77.026654,25.5,71.9,0.0,MOCK
2026-09-03T17:00:00,Ghaziabad,28.66723,77.452371,31.0,65.7,0.0,MOCK
2026-09-03T20:00:00,Najafgarh,28.611112,76.980593,29.3,77.7,0.0,MOCK
2026-09-08T22:00:00,Rohini,28.749495,77.056621,26.6,79.2,0.0,MOCK
2026-09-08T07:00:00,Dwarka,28.594051,77.046465,28.1,76.8,0.0,MOCK
2026-09-07T00:00:00,New_Delhi,28.613517,77.22917,25.4,81.6,0.0,MOCK
2026-09-08T19:00:00,Faridabad,28.408121,77.319427,30.7,74.6,0.0,MOCK
2026-09-04T03:00:00,Delhi_Central,28.613985,77.209507,26.4,81.6,0.0,MOCK
2026-09-04T03:00:00,Gurugram,28.460374,77.026341,27.8,80.6,0.0,MOCK
2026-09-09T00:00:00,New_Delhi,28.615034,77.228427,25.2,81.8,0.0,MOCK
2026-09-05T03:00:00,Faridabad,28.410402,77.31853,25.4,82.9,0.0,MOCK
2026-09-01T04:00:00,Dwarka,28.593927,77.047903,27.4,83.1,0.0,MOCK
2026-09-06T04:00:00,Noida,28.535714,77.390755,27.0,78.9,0.0,MOCK
2026-09-08T22:00:00,Delhi_Central,28.614371,77.209696,25.6,76.7,0.0,MOCK
2026-09-01T05:00:00,New_Delhi,28.613008,77.227728,27.6,77.1,0.0,MOCK
2026-09-09T02:00:00,Shahdara,28.673542,77.290027,27.5,82.7,0.0,MOCK
2026-09-03T19:00:00,Faridabad,28.406911,77.319776,29.4,65.8,0.0,MOCK
2026-09-01T08:00:00,New_Delhi,28.611447,77.227914,30.0,67.2,0.0,MOCK
2026-09-01T21:00:00,Najafgarh,28.607684,76.978187,26.4,74.0,0.0,MOCK
2026-09-08T02:00:00,Ghaziabad,28.669596,77.45252,26.7,69.0,0.0,MOCK
2026-09-03T06:00:00,Noida,28.536944,77.391468,27.8,69.6,0.0,MOCK
2026-09-05T23:00:00,Gurugram,28.45811,77.02741,25.9,82.8,3.2,MOCK
2026-09-07T19:00:00,Ghaziabad,28.669834,77.454911,29.4,68.8,0.0,MOCK
2026-09-06T13:00:00,Ghaziabad,28.66965,77.452125,33.1,68.3,0.0,MOCK
2026-09-04T19:00:00,Najafgarh,28.609243,76.980923,29.9,71.5,0.0,MOCK
2026-09-07T19:00:00,Dwarka,28.591699,77.047672,,70.6,0.0,MOCK
2026-09-04T06:00:00,Gurugram,28.459173,77.026234,26.0,66.3,0.0,MOCK
2026-09-04T18:00:00,Delhi_Central,28.61476,77.207304,30.9,75.6,0.0,MOCK
2026-09-03T20:00:00,Noida,28.535696,77.389213,27.8,75.2,0.0,MOCK
2026-09-01T17:00:00,Faridabad,28.409438,77.316718,31.9,68.2,0.0,MOCK
2026-09-09T03:00:00,Gurugram,28.460186,77.027289,25.1,77.3,0.0,MOCK
2026-09-02T13:00:00,New_Delhi,28.614141,77.22883,32.8,69.8,0.0,MOCK
2026-09-04T05:00:00,Faridabad,28.409737,77.317495,27.0,73.3,0.0,MOCK
2026-09-03T02:00:00,Gurugram,28.46091,77.028455,26.1,86.5,0.0,MOCK
2026-09-06T20:00:00,Rohini,28.750882,77.057863,29.2,65.5,0.0,MOCK
2026-09-01T01:00:00,Delhi_Central,28.612775,77.209021,25.8,78.5,0.0,MOCK
2026-09-08T09:00:00,Ghaziabad,28.667497,77.45282,30.8,71.9,0.0,MOCK
2026-09-07T16:00:00,Rohini,28.748049,77.057823,31.1,61.6,0.0,MOCK
2026-09-04T21:00:00,Ghaziabad,28.66744,77.453298,27.6,81.9,0.0,MOCK
2026-09-04T06:00:00,New_Delhi,28.615156,77.230222,29.9,76.1,0.0,MOCK
2026-09-02T21:00:00,Gurugram,28.458091,77.025202,26.6,73.5,0.0,MOCK
2026-09-04T02:00:00,Shahdara,28.674275,77.28978,25.1,76.0,0.0,MOCK
2026-09-03T10:00:00,Ghaziabad,28.668017,77.453363,32.0,63.3,0.0,MOCK
2026-09-04T02:00:00,Gurugram,28.459216,77.025641,25.6,85.2,0.0,MOCK
2026-09-08T02:00:00,Dwarka,28.591677,77.044529,24.5,76.7,0.0,MOCK
2026-09-05T05:00:00,Shahdara,28.674281,77.288799,27.1,77.9,0.0,MOCK
2026-09-07T10:00:00,Rohini,28.751106,77.055937,32.3,73.8,0.0,MOCK
2026-09-05T07:00:00,Shahdara,28.671378,77.289817,29.6,77.8,0.0,MOCK
2026-09-04T19:00:00,Ghaziabad,28.668729,77.454362,29.0,72.4,0.0,MOCK
2026-09-08T11:00:00,Delhi_Central,28.613564,77.20738,31.9,66.3,0.0,MOCK
2026-09-06T16:00:00,Dwarka,28.592485,77.045486,33.0,66.7,0.0,MOCK
2026-09-04T04:00:00,Gurugram,28.460354,77.025362,27.9,75.3,0.0,MOCK
2026-09-09T03:00:00,Shahdara,28.671662,77.289392,25.8,77.6,0.0,MOCK
2026-09-08T15:00:00,Najafgarh,28.61043,76.977953,32.6,65.7,0.0,MOCK
2026-09-02T14:00:00,Delhi_Central,28.61428,77.209701,33.4,73.2,0.0,MOCK
2026-09-02T06:00:00,Delhi_Central,28.61351,77.208357,29.3,68.0,0.0,MOCK
2026-09-08T20:00:00,Shahdara,28.672353,77.290175,28.2,74.4,0.0,MOCK
2026-09-01T07:00:00,Rohini,28.750505,77.055691,26.4,68.5,0.0,MOCK
2026-09-03T18:00:00,Delhi_Central,28.613793,77.210605,29.9,66.3,0.0,MOCK
2026-09-02T06:00:00,Dwarka,28.591751,77.046584,28.9,80.2,0.0,MOCK
2026-09-05T05:00:00,Dwarka,28.592168,77.046882,29.0,80.0,0.0,MOCK
2026-09-06T13:00:00,Noida,28.535239,77.390337,33.5,63.4,0.0,MOCK
2026-09-09T02:00:00,Noida,28.53624,77.390204,26.6,74.3,,MOCK
2026-09-01T23:00:00,Delhi_Central,28.61296,77.21049,26.2,76.5,0.0,MOCK
2026-09-01T15:00:00,Ghaziabad,28.667583,77.454808,31.9,60.8,0.0,MOCK
2026-09-03T04:00:00,Noida,28.536523,77.390863,26.6,71.6,0.0,MOCK
2026-09-03T19:00:00,Noida,28.533532,77.392946,27.1,76.5,0.0,MOCK
2026-09-05T15:00:00,Shahdara,28.672343,77.289124,33.4,67.0,0.0,MOCK
2026-09-04T16:00:00,Delhi_Central,28.612571,77.209429,32.1,65.5,0.0,MOCK
2026-09-02T12:00:00,Dwarka,28.590986,77.046959,32.6,67.3,4.6,MOCK
2026-09-07T09:00:00,Najafgarh,28.608208,76.979046,30.7,63.1,0.0,MOCK
2026-09-05T23:00:00,Shahdara,28.674308,77.290068,28.0,83.3,0.0,MOCK
2026-09-08T22:00:00,Ghaziabad,28.669209,77.452903,27.6,74.9,0.0,MOCK
2026-09-01T16:00:00,Gurugram,28.459102,77.026962,30.3,68.9,0.0,MOCK
2026-09-05T03:00:00,Noida,28.53398,77.392426,27.5,70.2,0.0,MOCK
2026-09-04T15:00:00,Noida,28.536697,77.392448,33.4,62.5,0.0,MOCK
2026-09-02T19:00:00,Gurugram,28.461348,77.027569,29.2,64.4,0.0,MOCK
2026-09-03T21:00:00,New_Delhi,28.613627,77.22875,28.4,77.4,0.0,MOCK
2026-09-02T06:00:00,Shahdara,28.672728,77.28707,28.2,81.1,0.0,MOCK
2026-09-05T13:00:00,New_Delhi,28.612142,77.230515,33.2,67.1,0.0,MOCK
2026-09-07T13:00:00,Noida,28.533753,77.390381,33.3,66.9,0.0,MOCK
2026-09-06T18:00:00,Gurugram,28.46043,77.024997,30.7,72.8,0.0,MOCK
2026-09-01T06:00:00,Shahdara,28.672652,77.289714,26.8,78.4,0.0,MOCK
2026-09-06T00:00:00,Faridabad,28.408614,77.316508,23.7,78.4,0.0,MOCK
2026-09-06T09:00:00,Noida,28.53663,77.390391,32.7,72.5,0.0,MOCK
2026-09-04T14:00:00,New_Delhi,28.613679,77.230865,32.3,59.4,0.0,MOCK
2026-09-04T15:00:00,Faridabad,28.409249,77.317328,33.4,63.6,0.0,MOCK
2026-09-05T07:00:00,Gurugram,28.460828,77.026651,28.3,77.7,0.0,MOCK
2026-09-06T20:00:00,Noida,28.535334,77.389685,27.7,72.7,0.0,MOCK
2026-09-08T04:00:00,Najafgarh,28.610784,76.978009,27.9,79.3,0.0,MOCK
2026-09-06T02:00:00,Najafgarh,28.610929,76.980977,26.5,76.0,0.0,MOCK
2026-09-03T23:00:00,Dwarka,28.591886,77.046797,26.4,70.8,0.0,MOCK
2026-09-03T06:00:00,Delhi_Central,28.615356,77.210243,29.3,70.4,0.0,MOCK
2026-09-05T03:00:00,Delhi_Central,28.613854,77.210033,27.3,79.2,0.0,MOCK
2026-09-08T22:00:00,Faridabad,28.409233,77.317753,26.3,70.3,0.0,MOCK
2026-09-08T13:00:00,Rohini,28.750113,77.054911,33.1,61.0,0.0,MOCK
2026-09-08T22:00:00,New_Delhi,28.612401,77.230741,26.4,78.0,0.0,MOCK
2026-09-03T07:00:00,Rohini,28.750858,77.058009,29.8,72.2,0.0,MOCK
2026-09-02T10:00:00,Gurugram,28.461106,77.025666,32.5,70.6,0.0,MOCK
2026-09-03T04:00:00,Faridabad,95.5,77.317127,27.2,81.7,0.0,MOCK
2026-09-09T05:00:00,Dwarka,28.591029,77.04675,27.3,73.8,0.0,MOCK
2026-09-02T00:00:00,Noida,28.535948,77.389437,25.7,84.2,0.0,MOCK
2026-09-04T04:00:00,Shahdara,28.674282,77.290984,26.0,82.4,0.0,MOCK
2026-09-06T18:00:00,Najafgarh,28.60982,76.979875,30.5,61.6,0.0,MOCK
2026-09-01T00:00:00,Delhi_Central,28.614846,77.209707,25.3,78.6,0.0,MOCK
2026-09-02T09:00:00,Gurugram,28.45885,77.024679,29.1,63.4,0.0,MOCK
2026-09-06T09:00:00,Najafgarh,28.609124,76.978186,29.8,68.9,0.0,MOCK
2026-09-02T05:00:00,Noida,28.537496,77.390656,28.0,74.4,0.0,MOCK
2026-09-07T10:00:00,Noida,28.535735,77.389268,31.2,70.8,0.0,MOCK
2026-09-08T06:00:00,Rohini,28.748757,77.057318,28.2,76.6,0.0,MOCK
2026-09-04T19:00:00,Rohini,28.75137,77.055384,29.9,71.8,0.0,MOCK
2026-09-03T16:00:00,Shahdara,28.674768,77.290982,31.3,66.5,0.0,MOCK
2026-09-08T01:00:00,Delhi_Central,28.61249,77.210602,26.6,82.3,0.0,MOCK
2026-09-02T22:00:00,Najafgarh,28.608393,76.978272,25.3,79.1,14.1,MOCK
2026-09-04T16:00:00,Faridabad,28.408752,77.319341,30.4,62.6,0.0,MOCK
2026-09-03T12:00:00,Noida,28.535678,77.389945,31.9,60.9,0.0,MOCK
2026-09-05T13:00:00,Gurugram,28.457878,77.027243,32.7,65.0,0.0,MOCK
2026-09-08T17:00:00,Noida,28.533669,77.392305,31.5,70.1,0.0,MOCK
2026-09-01T11:00:00,New_Delhi,28.613789,77.227764,32.4,67.4,0.0,MOCK
2026-09-09T00:00:00,Gurugram,28.459898,77.024663,25.6,90.8,0.0,MOCK
2026-09-09T03:00:00,Najafgarh,28.607912,76.978362,25.3,76.4,0.0,MOCK
2026-09-04T18:00:00,Shahdara,28.674846,77.29011,30.2,67.8,0.0,MOCK
2026-09-07T07:00:00,Najafgarh,28.607582,76.978477,29.7,69.2,0.0,MOCK
2026-09-02T03:00:00,Shahdara,28.673661,77.28779,25.7,76.5,0.0,MOCK
2026-09-04T16:00:00,Dwarka,28.593888,77.046732,32.2,67.2,0.0,MOCK
2026-09-01T01:00:00,Shahdara,28.671761,77.289633,25.7,76.5,0.0,MOCK
2026-09-01T09:00:00,Gurugram,28.460331,77.026066,31.2,67.9,0.0,MOCK
2026-09-03T10:00:00,New_Delhi,28.612437,77.231498,32.7,61.8,0.0,MOCK
2026-09-08T12:00:00,Rohini,28.750705,77.056292,32.1,61.5,0.0,MOCK
2026-09-04T04:00:00,Ghaziabad,28.671,77.452361,26.6,77.5,0.0,MOCK
2026-09-03T07:00:00,Delhi_Central,28.615334,77.20789,28.6,79.0,0.0,MOCK
2026-09-04T02:00:00,Rohini,28.749603,77.057023,25.1,81.5,0.0,MOCK
2026-09-05T11:00:00,Ghaziabad,28.670101,77.453766,32.1,67.6,0.0,MOCK
2026-09-04T16:00:00,Ghaziabad,28.670602,77.452486,32.6,66.4,0.0,MOCK
2026-09-06T17:00:00,Faridabad,28.407881,77.31892,31.1,76.7,0.0,MOCK
2026-09-06T22:00:00,Gurugram,28.459137,77.026435,26.9,78.7,0.0,MOCK
2026-09-05T01:00:00,Ghaziabad,28.669949,195.0,24.3,77.5,0.0,MOCK
2026-09-05T10:00:00,Faridabad,28.408346,77.31752,33.0,67.7,0.0,MOCK
2026-09-04T10:00:00,Dwarka,28.593888,77.047212,31.0,67.7,0.0,MOCK
2026-09-01T10:00:00,New_Delhi,28.612691,77.228632,31.4,68.3,0.0,MOCK
2026-09-05T13:00:00,Delhi_Central,28.614958,77.209425,33.7,63.1,0.0,MOCK
2026-09-05T00:00:00,Dwarka,28.592551,77.045039,26.5,79.5,0.0,MOCK
2026-09-08T00:00:00,Ghaziabad,28.669346,77.455049,26.6,76.9,10.1,MOCK
2026-09-06T03:00:00,Gurugram,28.460767,77.026552,25.4,79.0,0.0,MOCK
2026-09-08T21:00:00,Delhi_Central,28.614786,77.210107,27.5,79.9,0.0,MOCK
2026-09-01T21:00:00,Noida,28.53421,77.390821,26.8,71.9,0.0,MOCK
2026-09-04T00:00:00,Ghaziabad,28.667506,77.452221,23.4,79.9,0.0,MOCK
2026-09-06T04:00:00,Rohini,28.751017,77.054616,25.7,81.8,0.0,MOCK
2026-09-09T06:00:00,Najafgarh,28.610539,76.979343,28.1,75.7,0.0,MOCK
2026-09-06T06:00:00,Faridabad,28.410182,77.318615,30.8,81.3,0.0,MOCK
2026-09-01T17:00:00,Noida,28.533818,77.3914,31.4,73.5,0.0,MOCK
2026-09-09T07:00:00,Shahdara,28.675233,77.287981,29.2,69.2,0.0,MOCK
2026-09-04T04:00:00,Faridabad,28.40962,77.319304,28.1,78.7,15.0,MOCK
2026-09-06T02:00:00,Delhi_Central,28.613219,77.209775,25.8,82.3,0.0,MOCK
2026-09-01T02:00:00,Rohini,28.751355,77.056522,25.0,79.8,0.0,MOCK
2026-09-03T18:00:00,New_Delhi,28.613507,77.230105,29.7,69.2,0.0,MOCK
2026-09-07T00:00:00,Najafgarh,28.608862,76.977859,26.5,80.1,0.0,MOCK
2026-09-01T00:00:00,New_Delhi,28.612598,77.23041,25.5,79.2,0.0,MOCK
2026-09-05T19:00:00,Faridabad,28.41023,77.316303,30.3,71.2,8.2,MOCK
2026-09-03T14:00:00,New_Delhi,28.614037,77.228884,32.8,66.3,0.0,MOCK
2026-09-08T14:00:00,Noida,28.533844,77.389831,30.9,68.6,0.0,MOCK
2026-09-01T06:00:00,New_Delhi,28.61366,77.229528,29.4,72.6,0.0,MOCK
2026-09-04T19:00:00,Faridabad,28.410324,77.317524,28.4,77.9,0.0,MOCK
2026-09-09T05:00:00,New_Delhi,28.613669,77.230755,26.5,72.4,0.0,MOCK
2026-09-01T18:00:00,Ghaziabad,28.667974,77.454093,30.8,71.8,14.3,MOCK
2026-09-07T21:00:00,Shahdara,28.675188,77.290575,29.1,73.3,0.0,MOCK
2026-09-06T21:00:00,Faridabad,28.407205,77.318549,25.9,78.7,17.3,MOCK
2026-09-04T07:00:00,Noida,28.53539,77.391967,30.0,72.4,0.0,MOCK
2026-09-07T00:00:00,Noida,28.535867,77.389596,26.0,82.9,0.0,MOCK
2026-09-01T02:00:00,Shahdara,28.672812,77.289354,26.2,81.4,0.0,MOCK
2026-09-01T19:00:00,Najafgarh,28.608094,76.980503,30.1,74.1,0.0,MOCK
2026-09-04T03:00:00,Dwarka,28.59249,77.047783,27.3,78.0,0.0,MOCK
2026-09-06T23:00:00,Faridabad,28.410804,77.319775,26.9,83.2,0.0,MOCK
2026-09-03T05:00:00,Shahdara,28.673443,77.288569,,69.1,0.0,MOCK
2026-09-01T17:00:00,New_Delhi,28.61175,77.227809,31.8,77.7,0.0,MOCK
2026-09-01T06:00:00,Rohini,28.747666,77.057376,28.5,66.6,0.0,MOCK
2026-09-03T01:00:00,Najafgarh,28.608797,76.978027,25.2,76.0,0.0,MOCK
2026-09-06T01:00:00,Rohini,28.749272,77.057803,26.3,84.3,0.0,MOCK
2026-09-09T07:00:00,Najafgarh,28.610444,76.980985,29.4,71.4,0.0,MOCK
2026-09-09T03:00:00,Rohini,28.750943,77.057347,25.4,72.3,0.0,MOCK
2026-09-08T16:00:00,Gurugram,28.459127,77.024936,32.8,71.7,0.0,MOCK
2026-09-08T05:00:00,Ghaziabad,28.670985,77.453878,27.7,74.6,5.6,MOCK
2026-09-05T20:00:00,Gurugram,28.45908,77.025811,29.6,73.3,0.0,MOCK
2026-09-04T18:00:00,Ghaziabad,28.668472,77.455206,30.5,66.7,0.0,MOCK
2026-09-06T03:00:00,Najafgarh,28.607343,76.980338,25.9,85.6,0.0,MOCK
2026-09-02T11:00:00,New_Delhi,28.613417,77.229062,33.7,67.4,0.0,MOCK
2026-09-07T18:00:00,Shahdara,28.675089,77.289123,28.8,68.9,0.0,MOCK
2026-09-02T12:00:00,Delhi_Central,28.615775,77.209317,31.3,62.5,0.0,MOCK
2026-09-01T03:00:00,Dwarka,28.593237,77.047195,27.2,73.6,0.0,MOCK
2026-09-02T22:00:00,Noida,28.535264,77.389471,26.1,79.7,0.0,MOCK
2026-09-08T11:00:00,Najafgarh,28.609304,76.977822,32.9,67.1,8.1,MOCK
2026-09-07T05:00:00,Dwarka,28.593821,77.044835,27.8,79.6,0.0,MOCK
2026-09-08T06:00:00,Dwarka,28.591794,77.045393,26.9,82.1,0.0,MOCK
2026-09-02T00:00:00,Rohini,28.747504,77.056407,26.0,76.6,0.0,MOCK
2026-09-04T13:00:00,Dwarka,28.594077,77.046708,32.4,63.9,11.5,MOCK
2026-09-05T14:00:00,Dwarka,28.593962,77.045656,31.4,67.4,0.0,MOCK
2026-09-09T06:00:00,Gurugram,28.45786,77.027054,30.0,74.4,0.0,MOCK
2026-09-08T01:00:00,Noida,28.534006,77.390042,25.1,82.0,0.0,MOCK
2026-09-06T02:00:00,Rohini,28.748346,77.057796,26.0,83.5,0.0,MOCK
2026-09-04T22:00:00,Noida,28.536933,77.39034,25.4,69.8,0.0,MOCK
2026-09-01T06:00:00,Ghaziabad,28.668646,77.454836,29.5,73.9,0.0,MOCK
2026-09-04T14:00:00,Dwarka,28.590139,77.047329,34.2,68.1,0.0,MOCK
2026-09-02T19:00:00,Najafgarh,28.607488,76.978541,29.9,69.7,0.0,MOCK
2026-09-09T04:00:00,New_Delhi,28.613756,77.229888,26.9,78.2,0.0,MOCK
2026-09-08T18:00:00,Dwarka,28.591487,77.045408,29.6,69.4,0.0,MOCK
2026-09-07T00:00:00,Faridabad,28.409867,77.319506,24.8,79.9,0.0,MOCK
2026-09-08T18:00:00,Ghaziabad,28.668581,77.454765,31.8,68.6,0.0,MOCK
2026-09-06T20:00:00,Delhi_Central,28.61539,77.207144,28.4,76.4,0.0,MOCK
2026-09-07T12:00:00,Delhi_Central,28.615752,77.207563,33.3,58.4,0.0,MOCK
2026-09-08T08:00:00,Faridabad,28.410557,77.316675,29.5,74.1,0.0,MOCK
2026-09-02T00:00:00,New_Delhi,28.613765,77.230996,25.7,72.8,,MOCK
2026-09-06T19:00:00,Noida,28.534309,77.389509,30.6,76.8,0.0,MOCK
2026-09-04T07:00:00,Ghaziabad,28.669987,77.455146,29.9,73.0,0.0,MOCK
2026-09-04T21:00:00,Najafgarh,28.610942,76.978698,28.5,71.9,1.6,MOCK
2026-09-02T06:00:00,New_Delhi,28.612224,77.23084,27.3,69.8,0.0,MOCK
2026-09-06T07:00:00,Shahdara,28.672384,77.290745,29.2,74.7,0.0,MOCK
2026-09-08T15:00:00,Dwarka,28.592698,77.044925,31.0,58.7,0.0,MOCK
2026-09-05T13:00:00,Ghaziabad,28.668739,77.454062,31.7,62.2,0.0,MOCK
2026-09-08T03:00:00,Rohini,28.748138,77.056164,26.3,82.6,0.0,MOCK
2026-09-03T15:00:00,Faridabad,28.407627,77.31734,32.6,64.6,0.0,MOCK
2026-09-03T12:00:00,Dwarka,28.591779,77.044598,34.3,66.4,0.0,MOCK
2026-09-07T12:00:00,Dwarka,28.591509,77.045261,33.9,66.7,0.0,MOCK
2026-09-01T06:00:00,Faridabad,28.408097,77.317513,28.6,78.8,0.0,MOCK
2026-09-07T01:00:00,Gurugram,28.46111,77.024831,27.3,82.1,0.0,MOCK
2026-09-06T03:00:00,Ghaziabad,28.668711,77.452907,24.4,72.9,0.0,MOCK
2026-09-05T22:00:00,Delhi_Central,28.613189,77.208001,25.6,77.4,0.0,MOCK
2026-09-07T12:00:00,Noida,28.53648,77.389902,35.1,62.7,0.0,MOCK
2026-09-01T05:00:00,Faridabad,28.407395,77.31775,27.3,75.9,0.0,MOCK
2026-09-01T16:00:00,Faridabad,28.41014,77.318605,31.6,74.0,0.0,MOCK
2026-09-04T03:00:00,Shahdara,28.671412,77.287847,26.4,81.2,0.0,MOCK
2026-09-07T17:00:00,Rohini,28.747925,77.055295,31.6,72.1,0.0,MOCK
2026-09-07T14:00:00,Delhi_Central,28.613719,77.209691,31.3,69.9,0.0,MOCK
2026-09-05T00:00:00,Shahdara,28.674415,77.290051,24.8,81.3,0.0,MOCK
2026-09-04T17:00:00,Noida,28.53605,77.389843,32.2,67.9,0.0,MOCK
2026-09-03T09:00:00,Dwarka,28.590782,77.047321,33.1,70.4,0.0,MOCK
2026-09-02T22:00:00,Ghaziabad,28.670343,77.455506,28.2,81.2,0.0,MOCK
2026-09-03T06:00:00,Gurugram,28.461038,77.025552,30.3,65.4,0.0,MOCK
2026-09-03T15:00:00,Delhi_Central,28.613534,77.20861,33.1,60.2,0.0,MOCK
2026-09-08T15:00:00,Gurugram,28.461354,77.0273,33.1,67.0,0.0,MOCK
2026-09-08T01:00:00,Shahdara,28.671582,77.290853,24.6,76.4,0.0,MOCK
2026-09-07T17:00:00,Faridabad,28.408037,77.319167,31.4,62.0,0.0,MOCK
2026-09-03T23:00:00,Delhi_Central,28.615732,77.209072,26.1,76.7,0.0,MOCK
2026-09-07T07:00:00,New_Delhi,28.611247,77.229618,27.6,72.5,0.0,MOCK
2026-09-08T06:00:00,Ghaziabad,28.66998,77.453891,28.6,68.2,0.0,MOCK
2026-09-04T13:00:00,Noida,28.534624,77.392431,31.3,64.1,0.0,MOCK
2026-09-07T11:00:00,Noida,28.533954,77.390914,33.6,62.8,0.0,MOCK
2026-09-01T02:00:00,Najafgarh,28.607801,76.981667,27.1,78.4,0.0,MOCK
2026-09-08T00:00:00,New_Delhi,95.5,77.22825,26.2,79.5,0.0,MOCK
2026-09-04T22:00:00,Delhi_Central,28.614835,77.210862,26.2,71.7,0.0,MOCK
2026-09-07T23:00:00,Noida,28.534165,77.392697,25.9,77.3,0.0,MOCK
2026-09-02T11:00:00,Noida,28.534333,77.391742,32.0,71.5,0.0,MOCK
2026-09-08T18:00:00,Najafgarh,28.607267,76.981149,27.7,66.9,0.0,MOCK
2026-09-07T12:00:00,Gurugram,28.459882,77.026001,31.9,61.3,0.0,MOCK
2026-09-05T20:00:00,Ghaziabad,28.669834,77.453331,28.4,71.3,0.0,MOCK
2026-09-04T16:00:00,Gurugram,28.461478,77.027655,32.9,70.1,0.0,MOCK
2026-09-06T23:00:00,Delhi_Central,28.612482,77.209125,27.2,80.6,0.0,MOCK
2026-09-03T21:00:00,Delhi_Central,28.614419,77.207778,28.3,80.3,7.6,MOCK
2026-09-03T17:00:00,Delhi_Central,28.61362,77.20932,31.0,66.0,5.3,MOCK
2026-09-05T12:00:00,Rohini,28.749175,77.056642,33.0,61.9,0.0,MOCK
2026-09-03T20:00:00,Ghaziabad,28.67044,77.452501,27.7,68.0,0.0,MOCK
2026-09-07T16:00:00,Faridabad,28.409206,77.31694,32.2,68.3,0.0,MOCK
2026-09-06T14:00:00,Dwarka,28.590971,77.044452,33.6,62.6,0.0,MOCK
2026-09-03T08:00:00,Gurugram,28.46138,77.026358,29.8,74.2,0.0,MOCK
2026-09-01T15:00:00,Najafgarh,28.608771,76.979412,31.4,64.0,0.0,MOCK
2026-09-03T04:00:00,Gurugram,28.457861,77.028373,27.2,75.0,0.0,MOCK
2026-09-04T07:00:00,Shahdara,28.672669,77.288237,29.3,79.6,0.0,MOCK
2026-09-08T14:00:00,Rohini,28.749917,77.056976,31.3,67.3,0.0,MOCK
2026-09-08T11:00:00,Rohini,28.747701,77.055391,33.1,67.5,0.0,MOCK
2026-09-08T01:00:00,Dwarka,28.591672,77.045782,24.2,79.6,0.0,MOCK
2026-09-03T10:00:00,Noida,28.535103,77.390654,32.2,71.8,0.0,MOCK
2026-09-05T14:00:00,Faridabad,28.408297,77.317476,34.3,62.5,0.0,MOCK
2026-09-05T15:00:00,Faridabad,28.408319,77.318572,30.9,66.4,0.0,MOCK
2026-09-08T06:00:00,Shahdara,28.673166,77.28934,30.1,73.7,0.0,MOCK
2026-09-08T14:00:00,Dwarka,28.591185,77.047408,33.3,66.6,0.0,MOCK
2026-09-02T03:00:00,Najafgarh,28.607312,76.979628,25.9,76.8,0.0,MOCK
2026-09-04T23:00:00,Ghaziabad,28.670242,77.453883,25.7,75.0,0.0,MOCK
2026-09-08T05:00:00,Noida,28.537423,77.391295,26.9,71.4,0.0,MOCK
2026-09-02T21:00:00,Noida,28.534749,77.392569,26.1,75.0,0.0,MOCK
2026-09-05T01:00:00,Faridabad,28.410336,77.317404,26.1,81.2,0.0,MOCK
2026-09-02T19:00:00,Dwarka,28.593492,77.047226,28.7,71.7,0.0,MOCK
2026-09-02T02:00:00,Delhi_Central,28.612184,77.209524,24.7,83.9,0.0,MOCK
2026-09-07T19:00:00,Rohini,28.748822,77.054511,29.8,73.1,0.0,MOCK
2026-09-08T16:00:00,New_Delhi,28.61262,77.230088,32.5,65.3,0.0,MOCK
2026-09-08T10:00:00,Ghaziabad,28.668217,77.453501,30.7,72.5,0.0,MOCK
2026-09-06T02:00:00,New_Delhi,28.614678,195.0,26.3,76.0,0.0,MOCK
2026-09-02T17:00:00,Shahdara,28.673696,77.290904,31.5,68.7,0.0,MOCK
2026-09-04T01:00:00,Shahdara,28.675079,77.287633,25.6,83.4,0.0,MOCK
2026-09-01T08:00:00,Shahdara,28.671414,77.289049,30.2,73.3,0.0,MOCK
2026-09-04T14:00:00,Shahdara,28.674623,77.287255,31.6,61.4,0.0,MOCK
2026-09-02T08:00:00,Gurugram,28.45849,77.027192,29.8,73.1,0.0,MOCK
2026-09-03T05:00:00,Delhi_Central,28.615426,77.207099,30.0,72.4,0.0,MOCK
2026-09-03T19:00:00,Gurugram,28.457609,77.024808,28.8,67.6,0.0,MOCK
2026-09-04T06:00:00,Ghaziabad,28.667814,77.453232,28.8,75.0,0.0,MOCK
2026-09-03T21:00:00,Gurugram,28.461379,77.027922,26.8,77.3,0.0,MOCK
2026-09-06T17:00:00,Noida,28.534383,77.390884,33.2,72.0,0.0,MOCK
2026-09-01T00:00:00,Dwarka,28.5909,77.047001,24.9,79.2,0.0,MOCK
2026-09-02T08:00:00,Faridabad,28.409863,77.31739,32.1,71.5,0.0,MOCK
2026-09-04T19:00:00,New_Delhi,28.613973,77.22994,29.1,77.5,0.0,MOCK
2026-09-07T16:00:00,Ghaziabad,28.671097,77.452519,31.7,70.0,0.0,MOCK
2026-09-08T19:00:00,Noida,28.536115,77.392571,30.0,82.0,0.0,MOCK
2026-09-06T03:00:00,Dwarka,28.59333,77.046739,26.2,80.0,0.0,MOCK
2026-09-02T22:00:00,Gurugram,28.460821,77.024858,26.4,74.3,0.0,MOCK
2026-09-03T23:00:00,Noida,28.537198,77.39236,25.1,74.7,0.0,MOCK
2026-09-07T17:00:00,Ghaziabad,28.671079,77.454308,33.8,71.8,0.0,MOCK
2026-09-04T08:00:00,New_Delhi,28.611381,77.228048,30.5,67.4,0.0,MOCK
2026-09-05T14:00:00,Delhi_Central,28.613671,77.210441,33.4,61.9,0.0,MOCK
2026-09-09T03:00:00,Noida,28.536793,77.389052,24.9,73.0,0.0,MOCK
2026-09-05T16:00:00,Najafgarh,28.610139,76.981757,31.3,68.9,0.0,MOCK
2026-09-03T06:00:00,Rohini,28.750542,77.055481,26.5,74.3,0.0,MOCK
2026-09-01T08:00:00,Dwarka,28.591609,77.045714,29.6,67.7,0.0,MOCK
2026-09-07T16:00:00,Delhi_Central,28.612785,77.207253,34.0,67.9,0.0,MOCK
2026-09-03T10:00:00,Najafgarh,28.607751,76.979552,32.2,60.5,0.0,MOCK
2026-09-06T17:00:00,Ghaziabad,28.667663,77.454451,29.2,65.7,0.0,MOCK
2026-09-02T16:00:00,Dwarka,28.591721,77.04636,32.3,67.0,10.6,MOCK
2026-09-08T15:00:00,Ghaziabad,28.671075,77.453315,32.0,73.4,6.9,MOCK
2026-09-06T15:00:00,Shahdara,28.673874,77.288559,34.2,62.7,0.0,MOCK
2026-09-04T14:00:00,Faridabad,28.40729,77.317429,34.1,58.2,0.0,MOCK
2026-09-03T15:00:00,Shahdara,28.671937,77.288849,33.3,68.9,0.0,MOCK
2026-09-04T13:00:00,Faridabad,28.408493,77.31658,33.1,64.2,0.0,MOCK
2026-09-02T15:00:00,Ghaziabad,28.669057,77.453087,32.8,59.7,0.0,MOCK
2026-09-02T07:00:00,Rohini,28.7499,77.05693,29.1,74.5,0.0,MOCK
2026-09-06T06:00:00,Shahdara,28.67261,77.288261,,68.2,0.0,MOCK
2026-09-03T11:00:00,Dwarka,28.591019,77.045542,32.6,61.8,0.0,MOCK
2026-09-07T00:00:00,Ghaziabad,28.670178,77.452264,26.6,80.2,0.0,MOCK
2026-09-03T17:00:00,Faridabad,28.408888,77.317935,31.3,62.7,0.0,MOCK
2026-09-08T00:00:00,Najafgarh,28.610123,76.97892,23.8,77.8,0.0,MOCK
2026-09-05T07:00:00,New_Delhi,28.615049,77.231204,30.3,71.9,0.0,MOCK
2026-09-07T03:00:00,Delhi_Central,28.6129,77.210381,25.9,83.0,0.0,MOCK
2026-09-01T09:00:00,New_Delhi,28.61189,77.228491,32.4,66.0,0.0,MOCK
2026-09-08T19:00:00,Najafgarh,28.609547,76.981577,30.3,69.2,0.0,MOCK
2026-09-03T00:00:00,Gurugram,28.460809,77.026457,24.9,80.4,0.0,MOCK
2026-09-01T11:00:00,Delhi_Central,28.612744,77.210772,32.4,66.4,0.0,MOCK
2026-09-03T12:00:00,Faridabad,28.410143,77.318645,34.9,70.1,0.0,MOCK
2026-09-02T09:00:00,Rohini,28.751092,77.058319,29.7,67.8,0.0,MOCK
2026-09-04T15:00:00,Gurugram,28.459952,77.027646,32.3,56.3,0.0,MOCK
2026-09-06T13:00:00,Faridabad,28.410037,77.319172,34.5,68.6,0.0,MOCK
2026-09-03T06:00:00,New_Delhi,28.613928,77.230882,26.8,76.5,0.0,MOCK
2026-09-06T04:00:00,Ghaziabad,28.667603,77.452044,26.2,81.8,0.0,MOCK
2026-09-09T05:00:00,Najafgarh,28.608595,76.980367,27.4,72.8,0.0,MOCK
2026-09-08T05:00:00,Shahdara,28.672666,77.288088,28.3,76.2,0.0,MOCK
2026-09-06T16:00:00,Rohini,28.750562,77.058099,31.4,58.4,0.0,MOCK
2026-09-08T10:00:00,Najafgarh,28.611192,76.981558,31.0,61.0,0.0,MOCK
2026-09-07T15:00:00,Faridabad,28.410861,77.317485,33.2,67.8,0.0,MOCK
2026-09-06T11:00:00,Najafgarh,28.607654,76.980588,32.5,63.7,0.0,MOCK
2026-09-07T01:00:00,Shahdara,28.674912,77.287513,24.4,76.2,0.0,MOCK
2026-09-04T20:00:00,Shahdara,28.673357,77.290806,27.1,71.2,0.0,MOCK
2026-09-03T15:00:00,Gurugram,28.461061,77.028264,33.5,69.4,0.0,MOCK
2026-09-08T15:00:00,Shahdara,28.672875,77.289977,32.8,70.0,0.0,MOCK
2026-09-01T11:00:00,Dwarka,28.593236,77.045271,32.4,61.5,0.0,MOCK
2026-09-08T14:00:00,Najafgarh,28.611189,76.980329,35.4,63.3,0.0,MOCK
2026-09-03T13:00:00,Dwarka,28.592113,77.04447,34.3,67.0,14.2,MOCK
2026-09-02T06:00:00,Noida,28.534627,77.392161,28.3,78.4,3.8,MOCK
2026-09-02T19:00:00,Noida,28.535589,77.389016,30.3,76.8,0.0,MOCK
2026-09-05T19:00:00,Najafgarh,28.607764,76.978627,31.7,71.5,0.0,MOCK
2026-09-07T05:00:00,Rohini,28.749958,77.057034,28.2,71.2,0.0,MOCK
2026-09-08T05:00:00,Gurugram,28.459807,77.024811,27.7,79.4,0.0,MOCK
2026-09-06T01:00:00,New_Delhi,28.614263,77.231413,25.7,79.2,0.0,MOCK
2026-09-05T00:00:00,Rohini,28.750104,77.057249,25.4,78.8,0.0,MOCK
2026-09-03T08:00:00,Ghaziabad,28.668504,77.451893,30.7,66.3,,MOCK
2026-09-04T07:00:00,New_Delhi,28.612556,77.231256,30.9,79.4,0.0,MOCK
2026-09-01T02:00:00,Noida,28.533667,77.391941,24.9,83.3,0.0,MOCK
2026-09-08T21:00:00,Faridabad,28.407955,77.316108,28.2,76.2,0.0,MOCK
2026-09-02T21:00:00,Ghaziabad,28.669781,77.453236,26.6,79.4,0.0,MOCK
2026-09-04T22:00:00,Rohini,28.747932,77.054505,25.7,78.4,4.8,MOCK
2026-09-02T11:00:00,Dwarka,28.592437,77.046262,32.7,69.4,0.0,MOCK
2026-09-02T06:00:00,Najafgarh,28.608595,76.980625,30.0,73.5,0.0,MOCK
2026-09-07T20:00:00,New_Delhi,28.611319,77.228593,28.5,64.1,0.0,MOCK
2026-09-06T15:00:00,New_Delhi,28.61345,77.231371,33.0,71.4,0.0,MOCK
2026-09-08T02:00:00,Najafgarh,28.610685,76.980474,25.5,74.0,0.0,MOCK
2026-09-02T01:00:00,Gurugram,28.46116,77.026135,22.9,76.7,0.0,MOCK
2026-09-02T05:00:00,Faridabad,28.410527,77.319701,27.8,74.8,0.0,MOCK
2026-09-06T08:00:00,Noida,28.535942,77.38915,29.7,66.3,0.0,MOCK
2026-09-05T03:00:00,Najafgarh,28.607701,76.97995,25.6,79.9,0.0,MOCK
2026-09-02T01:00:00,Shahdara,28.673194,77.28834,24.5,75.2,0.0,MOCK
2026-09-04T03:00:00,Noida,28.534243,77.391418,25.1,78.3,0.0,MOCK
2026-09-07T18:00:00,Faridabad,28.407178,77.31618,29.9,74.9,11.7,MOCK
2026-09-07T02:00:00,Delhi_Central,28.612532,77.208767,28.1,79.8,0.0,MOCK
2026-09-06T08:00:00,Dwarka,28.593266,77.045321,30.9,76.7,0.0,MOCK
2026-09-04T10:00:00,New_Delhi,28.612397,77.228845,32.8,65.1,0.0,MOCK
2026-09-01T12:00:00,Najafgarh,28.61005,76.979674,33.4,68.0,0.0,MOCK
2026-09-05T12:00:00,Shahdara,28.673859,77.288104,32.7,70.0,0.0,MOCK
2026-09-06T17:00:00,Shahdara,28.67408,77.290049,30.7,73.4,0.0,MOCK
2026-09-02T16:00:00,Najafgarh,28.607999,76.97881,32.9,62.9,0.0,MOCK
2026-09-06T15:00:00,Ghaziabad,28.66928,77.454088,32.1,62.1,0.0,MOCK
2026-09-03T12:00:00,Rohini,28.748544,77.05576,33.3,62.9,0.0,MOCK
2026-09-07T07:00:00,Shahdara,28.67284,77.287192,26.9,67.5,0.0,MOCK
2026-09-06T22:00:00,Ghaziabad,28.670144,77.453327,25.6,74.0,0.0,MOCK
2026-09-07T19:00:00,Shahdara,28.673773,77.290373,28.6,73.3,0.0,MOCK
2026-09-01T17:00:00,Dwarka,28.593311,77.045782,31.7,76.8,0.0,MOCK
2026-09-04T01:00:00,Rohini,28.749703,77.054744,24.9,77.6,0.0,MOCK
2026-09-03T20:00:00,Shahdara,28.67235,77.290301,27.3,70.5,0.0,MOCK
2026-09-06T21:00:00,Rohini,28.748535,77.057733,27.2,74.0,0.0,MOCK
2026-09-04T11:00:00,Delhi_Central,28.614471,77.207543,33.7,66.1,0.0,MOCK
2026-09-07T05:00:00,Ghaziabad,28.670012,77.454196,27.6,74.5,0.0,MOCK
2026-09-06T04:00:00,Najafgarh,28.609893,76.978861,27.0,77.5,0.0,MOCK
2026-09-02T09:00:00,Najafgarh,95.5,76.980104,32.1,65.3,0.0,MOCK
2026-09-07T21:00:00,Gurugram,28.458713,77.026544,27.8,76.4,0.0,MOCK
2026-09-09T07:00:00,Gurugram,28.458952,77.025723,28.6,78.0,0.0,MOCK
2026-09-01T08:00:00,Gurugram,28.461107,77.026749,30.4,70.3,0.0,MOCK
2026-09-06T03:00:00,Rohini,28.749561,77.055136,26.9,71.8,0.0,MOCK
2026-09-06T02:00:00,Noida,28.537403,77.391304,27.0,68.8,0.0,MOCK
2026-09-06T12:00:00,Gurugram,28.457628,77.024855,33.5,66.5,0.0,MOCK
2026-09-04T09:00:00,Rohini,28.750302,77.05829,32.7,62.4,0.0,MOCK
2026-09-03T22:00:00,Gurugram,28.458778,77.026513,27.3,69.7,0.0,MOCK
2026-09-05T04:00:00,Rohini,28.748322,77.05526,27.0,84.6,0.0,MOCK
2026-09-03T07:00:00,New_Delhi,28.614765,77.230905,28.3,75.3,0.0,MOCK
2026-09-05T01:00:00,Gurugram,28.457523,77.028479,26.1,75.9,0.0,MOCK
2026-09-02T08:00:00,Noida,28.534852,77.39169,29.7,69.4,0.0,MOCK
2026-09-03T04:00:00,Ghaziabad,28.67023,77.45469,26.8,72.8,0.0,MOCK
2026-09-02T00:00:00,Dwarka,28.592442,77.046804,24.9,78.1,0.0,MOCK
2026-09-01T12:00:00,Gurugram,28.457662,77.025912,34.5,69.8,0.0,MOCK
2026-09-04T17:00:00,Shahdara,28.67216,77.288949,31.0,69.3,0.0,MOCK
2026-09-06T03:00:00,Faridabad,28.408886,77.318807,27.4,82.1,0.0,MOCK
2026-09-05T11:00:00,Faridabad,28.409635,77.316879,33.3,65.6,0.0,MOCK
2026-09-04T15:00:00,Ghaziabad,28.668406,77.454195,33.0,60.1,4.1,MOCK
2026-09-01T00:00:00,Noida,28.536469,77.392953,25.4,78.6,0.0,MOCK
2026-09-02T10:00:00,Faridabad,28.40754,77.316671,31.9,62.6,0.0,MOCK
2026-09-06T13:00:00,Shahdara,28.671329,77.290214,32.1,66.8,0.0,MOCK
2026-09-09T07:00:00,Delhi_Central,28.613232,77.207673,28.3,71.4,0.0,MOCK
2026-09-05T19:00:00,Dwarka,28.591401,77.045905,29.9,71.2,0.0,MOCK
2026-09-06T19:00:00,New_Delhi,28.611261,77.231249,27.6,73.0,0.0,MOCK
2026-09-01T12:00:00,Noida,28.537299,77.390515,33.0,64.1,0.0,MOCK
2026-09-08T23:00:00,Rohini,28.749533,77.058185,28.7,81.4,0.0,MOCK
2026-09-07T04:00:00,New_Delhi,28.614587,77.231281,24.8,75.9,0.0,MOCK
2026-09-08T00:00:00,Rohini,28.749251,77.056987,25.9,74.6,0.0,MOCK
2026-09-04T15:00:00,New_Delhi,28.61164,77.227576,32.6,70.3,0.0,MOCK
2026-09-01T05:00:00,Noida,28.535731,77.391065,28.4,75.7,0.0,MOCK
2026-09-04T15:00:00,Rohini,28.751295,77.057667,32.6,67.4,0.0,MOCK
2026-09-03T01:00:00,Dwarka,28.592167,77.045505,25.6,76.5,0.0,MOCK
2026-09-08T15:00:00,Faridabad,28.410736,77.316678,32.3,65.6,0.0,MOCK
2026-09-04T08:00:00,Faridabad,28.410209,77.316459,30.5,65.9,0.0,MOCK
2026-09-02T15:00:00,New_Delhi,28.613031,77.228674,33.0,60.1,14.0,MOCK
2026-09-06T13:00:00,Najafgarh,28.610331,195.0,33.4,67.7,0.0,MOCK
2026-09-04T13:00:00,Ghaziabad,28.668055,77.453226,34.4,69.2,0.0,MOCK
2026-09-06T09:00:00,Shahdara,28.672822,77.288787,31.3,71.3,0.0,MOCK
2026-09-03T04:00:00,New_Delhi,28.612241,77.229285,26.1,77.4,0.0,MOCK
2026-09-02T03:00:00,Rohini,28.750513,77.055033,24.8,86.2,0.0,MOCK
2026-09-09T02:00:00,Faridabad,28.409998,77.319228,27.0,79.7,0.0,MOCK
2026-09-03T09:00:00,Rohini,28.751488,77.057347,30.8,67.7,0.0,MOCK
2026-09-01T18:00:00,Delhi_Central,28.613902,77.207715,29.3,72.9,0.0,MOCK
2026-09-08T03:00:00,Shahdara,28.672545,77.28741,25.6,80.7,2.3,MOCK
2026-09-04T12:00:00,Rohini,28.750368,77.058175,34.4,64.7,0.0,MOCK
2026-09-07T12:00:00,Faridabad,28.409147,77.317342,33.3,68.6,0.0,MOCK
2026-09-08T11:00:00,Ghaziabad,28.671181,77.454587,31.6,60.8,0.0,MOCK
2026-09-06T11:00:00,Delhi_Central,28.61356,77.210737,33.5,59.9,0.0,MOCK
2026-09-05T12:00:00,Ghaziabad,28.669158,77.454364,35.8,60.4,0.0,MOCK
2026-09-05T09:00:00,Dwarka,28.592697,77.044698,32.2,60.6,0.0,MOCK
2026-09-01T17:00:00,Shahdara,28.672187,77.289434,32.7,70.2,0.0,MOCK
2026-09-08T14:00:00,New_Delhi,28.613226,77.231182,35.3,70.1,0.0,MOCK
2026-09-02T06:00:00,Ghaziabad,28.670742,77.454675,28.1,74.2,0.0,MOCK
2026-09-05T06:00:00,Shahdara,28.672916,77.290875,27.6,75.8,0.0,MOCK
2026-09-04T16:00:00,New_Delhi,28.6143,77.231182,32.4,68.7,0.0,MOCK
2026-09-06T22:00:00,Rohini,28.747857,77.055921,27.2,74.8,0.0,MOCK
2026-09-06T14:00:00,Najafgarh,28.608968,76.979395,32.9,61.6,0.0,MOCK
2026-09-01T13:00:00,Dwarka,28.591543,77.044874,33.2,65.9,0.0,MOCK
2026-09-08T09:00:00,Najafgarh,28.608663,76.979664,30.3,66.7,0.0,MOCK
2026-09-02T15:00:00,Najafgarh,28.610894,76.979085,34.2,68.4,0.0,MOCK
2026-09-09T04:00:00,Faridabad,28.408891,77.316777,28.7,76.3,0.0,MOCK
2026-09-02T09:00:00,Dwarka,28.593002,77.045949,29.9,67.2,0.0,MOCK
2026-09-07T15:00:00,Gurugram,28.459405,77.026385,31.6,58.1,16.0,MOCK
2026-09-05T22:00:00,New_Delhi,28.611431,77.22935,27.2,73.3,0.0,MOCK
2026-09-02T21:00:00,Dwarka,28.591535,77.044875,26.9,67.0,0.0,MOCK
2026-09-01T02:00:00,Ghaziabad,28.66746,77.452838,24.5,74.6,0.0,MOCK
2026-09-09T05:00:00,Noida,28.535954,77.392326,27.3,78.1,0.0,MOCK
2026-09-01T22:00:00,Faridabad,28.410534,77.316203,27.5,79.5,0.0,MOCK
2026-09-05T02:00:00,Faridabad,28.410279,77.319608,26.2,72.4,0.0,MOCK
2026-09-03T02:00:00,Shahdara,28.675269,77.289283,23.8,74.5,0.0,MOCK
2026-09-05T06:00:00,Rohini,28.748943,77.05621,30.2,75.6,0.0,MOCK
2026-09-03T23:00:00,Shahdara,28.673079,77.290149,25.1,78.7,0.0,MOCK
2026-09-01T21:00:00,New_Delhi,28.612996,77.229636,,80.1,0.0,MOCK
2026-09-09T00:00:00,Najafgarh,28.607943,76.980165,24.6,79.8,0.0,MOCK
2026-09-05T10:00:00,Rohini,28.748574,77.054747,31.5,67.7,0.0,MOCK
2026-09-07T21:00:00,Noida,28.535281,77.390216,27.5,80.6,0.0,MOCK
2026-09-06T11:00:00,Rohini,28.75072,77.055722,34.0,62.4,4.7,MOCK
2026-09-02T16:00:00,New_Delhi,28.613262,77.231456,31.8,67.4,0.0,MOCK
2026-09-08T11:00:00,Gurugram,28.458801,77.024709,31.8,69.3,0.0,MOCK
2026-09-05T00:00:00,New_Delhi,28.612008,77.229654,24.9,82.9,0.0,MOCK
2026-09-01T22:00:00,Dwarka,28.5924,77.044911,27.6,78.1,0.0,MOCK
2026-09-04T16:00:00,Rohini,28.750274,77.058215,32.7,65.2,0.0,MOCK
2026-09-03T11:00:00,Shahdara,28.673508,77.290454,32.7,70.2,0.0,MOCK
2026-09-06T11:00:00,New_Delhi,28.612084,77.228702,31.8,68.5,0.0,MOCK
2026-09-03T20:00:00,Delhi_Central,28.612697,77.207098,29.4,67.9,0.0,MOCK
2026-09-06T00:00:00,Najafgarh,28.610373,76.980709,25.5,77.4,0.0,MOCK
2026-09-07T17:00:00,New_Delhi,28.612162,77.230839,30.4,64.3,0.0,MOCK
2026-09-03T13:00:00,Delhi_Central,28.614778,77.209968,34.1,64.2,0.0,MOCK
2026-09-08T12:00:00,Gurugram,28.458797,77.026102,33.6,66.1,0.0,MOCK
2026-09-08T23:00:00,Shahdara,28.674188,77.289558,27.2,76.1,0.0,MOCK
2026-09-04T22:00:00,Faridabad,28.407276,77.317055,25.4,74.3,0.0,MOCK
2026-09-04T00:00:00,Noida,28.533787,77.389063,27.7,90.7,0.0,MOCK
2026-09-08T02:00:00,Noida,28.534875,77.390492,25.3,84.1,0.0,MOCK
2026-09-02T21:00:00,Rohini,28.749807,77.054808,28.6,77.1,12.9,MOCK
2026-09-02T19:00:00,Rohini,28.750632,77.057383,30.3,69.7,0.0,MOCK
2026-09-05T15:00:00,Rohini,28.751389,77.057734,33.1,70.0,0.0,MOCK
2026-09-06T21:00:00,Dwarka,28.590847,77.045391,27.4,77.1,0.0,MOCK
2026-09-03T11:00:00,Ghaziabad,28.669006,77.455379,31.5,64.9,0.0,MOCK
2026-09-05T02:00:00,Rohini,28.749688,77.058092,26.0,80.4,0.0,MOCK
2026-09-09T02:00:00,Delhi_Central,28.612603,77.208521,24.8,82.9,0.0,MOCK
2026-09-02T09:00:00,New_Delhi,28.611774,77.229217,31.3,67.8,0.0,MOCK
2026-09-05T03:00:00,Shahdara,28.675225,77.289614,26.2,74.2,0.0,MOCK
2026-09-07T18:00:00,Rohini,28.750314,77.055681,30.7,73.0,0.0,MOCK
2026-09-04T02:00:00,Noida,28.535203,77.389719,25.6,81.6,0.0,MOCK
2026-09-08T10:00:00,Noida,28.53592,77.392774,32.4,69.1,0.0,MOCK
2026-09-03T01:00:00,Noida,28.53402,77.390883,26.4,82.0,0.0,MOCK
2026-09-05T14:00:00,New_Delhi,28.613971,77.227748,34.3,63.7,11.8,MOCK
2026-09-04T23:00:00,Gurugram,28.460223,77.026177,24.5,71.1,0.0,MOCK
2026-09-01T01:00:00,Rohini,28.749304,77.054714,24.1,78.0,0.0,MOCK
2026-09-02T08:00:00,Shahdara,28.673832,77.288724,29.7,71.7,,MOCK
2026-09-01T22:00:00,Delhi_Central,28.612177,77.210042,27.4,70.7,0.0,MOCK
2026-09-09T03:00:00,Faridabad,28.409813,77.315883,26.3,75.5,0.0,MOCK
2026-09-08T03:00:00,Najafgarh,28.607565,76.981013,26.3,79.0,0.0,MOCK
2026-09-02T14:00:00,Ghaziabad,28.667459,77.453834,33.2,66.3,0.0,MOCK
2026-09-07T09:00:00,Delhi_Central,28.614829,77.207361,30.9,65.5,0.0,MOCK
2026-09-04T11:00:00,Rohini,28.748375,77.056606,31.6,69.7,0.0,MOCK
2026-09-01T00:00:00,Rohini,28.750081,77.0585,25.7,81.1,0.0,MOCK
2026-09-01T16:00:00,Delhi_Central,28.611946,77.209883,34.1,66.5,0.0,MOCK
2026-09-05T01:00:00,Delhi_Central,28.615304,77.207727,24.4,80.8,0.0,MOCK
2026-09-06T02:00:00,Ghaziabad,28.668835,77.454307,25.9,85.5,0.0,MOCK
2026-09-08T20:00:00,Delhi_Central,28.612023,77.209984,27.1,72.3,0.0,MOCK
2026-09-02T12:00:00,Ghaziabad,28.670358,77.453111,33.6,66.2,0.0,MOCK
2026-09-04T09:00:00,Gurugram,28.458525,77.024981,31.3,62.4,0.0,MOCK
2026-09-06T13:00:00,Gurugram,28.458531,77.025961,31.5,66.7,0.0,MOCK
2026-09-08T08:00:00,Delhi_Central,28.614432,77.209193,30.6,72.7,0.0,MOCK
2026-09-06T07:00:00,Noida,28.536269,77.389825,30.7,69.3,0.0,MOCK
2026-09-06T06:00:00,Gurugram,28.458428,77.025479,28.6,74.4,0.0,MOCK
2026-09-02T13:00:00,Noida,28.535058,77.391381,35.1,63.8,0.0,MOCK
2026-09-01T10:00:00,Noida,28.536267,77.392629,32.0,64.0,0.0,MOCK
2026-09-05T18:00:00,Ghaziabad,28.669778,77.455468,31.0,67.7,0.0,MOCK
2026-09-08T13:00:00,Najafgarh,28.608212,76.980301,33.9,65.1,12.6,MOCK
2026-09-01T04:00:00,Shahdara,28.672525,77.288867,25.4,82.4,0.0,MOCK
2026-09-01T09:00:00,Rohini,28.748903,77.057343,32.1,65.3,0.0,MOCK
2026-09-05T09:00:00,New_Delhi,28.614604,77.229372,32.4,67.9,0.0,MOCK
2026-09-08T11:00:00,Faridabad,28.407648,77.315914,33.2,60.8,0.0,MOCK
2026-09-04T20:00:00,Ghaziabad,28.669665,77.455387,29.6,79.3,0.0,MOCK
2026-09-04T13:00:00,New_Delhi,28.614305,77.229811,35.1,65.2,0.0,MOCK
2026-09-03T02:00:00,Delhi_Central,28.61241,77.208233,24.5,77.2,0.0,MOCK
2026-09-03T11:00:00,Noida,28.534863,77.392256,33.0,61.9,0.0,MOCK
2026-09-08T21:00:00,Dwarka,28.593942,77.04645,27.7,72.3,0.0,MOCK
2026-09-03T09:00:00,Najafgarh,28.60941,76.978009,30.2,66.5,0.0,MOCK
2026-09-05T09:00:00,Najafgarh,28.61079,76.981393,31.0,71.1,0.0,MOCK
2026-09-03T06:00:00,Shahdara,28.673098,77.290696,29.0,70.3,0.0,MOCK
2026-09-07T07:00:00,Noida,28.535204,77.390079,30.7,75.6,0.0,MOCK
2026-09-02T20:00:00,Faridabad,28.407523,77.316727,29.0,79.2,0.0,MOCK
2026-09-02T01:00:00,Noida,28.536255,77.392736,26.5,74.0,0.0,MOCK
2026-09-03T16:00:00,Dwarka,95.5,77.046787,32.6,62.8,0.0,MOCK
2026-09-07T01:00:00,Noida,28.535383,77.392074,26.6,79.4,0.0,MOCK
2026-09-05T20:00:00,Shahdara,28.671428,77.289017,26.8,72.4,8.0,MOCK
2026-09-01T04:00:00,Faridabad,28.408318,77.316205,27.5,77.7,0.0,MOCK
2026-09-07T12:00:00,Ghaziabad,28.669522,77.45502,32.9,61.5,0.0,MOCK
2026-09-07T20:00:00,Ghaziabad,28.668669,77.45228,28.8,69.6,0.0,MOCK
2026-09-02T09:00:00,Ghaziabad,28.671108,77.455791,31.8,75.5,0.0,MOCK
2026-09-08T00:00:00,Faridabad,28.410689,77.3161,26.8,77.1,0.0,MOCK
2026-09-08T21:00:00,New_Delhi,28.612027,77.229432,27.6,75.0,0.0,MOCK
2026-09-06T10:00:00,Najafgarh,28.611077,76.979102,34.0,72.0,0.0,MOCK
2026-09-05T03:00:00,Ghaziabad,28.668017,77.452167,27.0,79.7,0.0,MOCK
2026-09-01T14:00:00,Ghaziabad,28.669705,77.452063,34.3,71.1,0.0,MOCK
2026-09-09T04:00:00,Najafgarh,28.607908,76.97898,26.0,80.0,0.0,MOCK
2026-09-07T04:00:00,Shahdara,28.671721,77.287905,26.9,78.3,0.0,MOCK
2026-09-04T12:00:00,Najafgarh,28.607354,76.980538,32.9,69.1,0.0,MOCK
2026-09-04T14:00:00,Najafgarh,28.608613,76.980673,33.5,67.7,0.0,MOCK
2026-09-06T03:00:00,Noida,28.535872,77.390342,27.8,84.4,0.0,MOCK
2026-09-03T05:00:00,Dwarka,28.590943,77.044645,28.0,69.9,0.0,MOCK
2026-09-06T17:00:00,Rohini,28.750223,77.057385,32.1,61.4,0.0,MOCK
2026-09-05T02:00:00,Najafgarh,28.609813,76.980221,25.4,82.2,0.0,MOCK
2026-09-06T20:00:00,Dwarka,28.593695,77.045941,28.7,79.7,0.0,MOCK
2026-09-07T03:00:00,Gurugram,28.461137,77.024632,25.4,74.0,0.0,MOCK
2026-09-08T12:00:00,Delhi_Central,28.615592,77.207269,31.9,67.3,0.0,MOCK
2026-09-02T00:00:00,Delhi_Central,28.612705,77.208247,25.4,80.6,0.0,MOCK
2026-09-05T17:00:00,Noida,28.537086,77.391522,31.5,69.2,0.0,MOCK
2026-09-07T19:00:00,Delhi_Central,28.614869,77.207618,29.8,66.2,0.0,MOCK
2026-09-04T08:00:00,Noida,28.53475,77.389211,31.1,69.6,0.0,MOCK
2026-09-06T03:00:00,Delhi_Central,28.613719,77.208258,26.4,87.9,0.0,MOCK
2026-09-01T21:00:00,Ghaziabad,28.668435,77.453172,27.5,83.5,0.0,MOCK
2026-09-01T11:00:00,Gurugram,28.457994,77.025041,32.1,68.2,0.0,MOCK
2026-09-06T08:00:00,Delhi_Central,28.613746,77.20747,31.1,69.5,0.0,MOCK
2026-09-06T06:00:00,Delhi_Central,28.613652,77.209793,28.6,71.3,0.0,MOCK
2026-09-05T09:00:00,Shahdara,28.673312,77.290426,30.3,72.8,0.0,MOCK
2026-09-02T11:00:00,Shahdara,28.675221,77.287315,34.7,64.6,0.0,MOCK
2026-09-01T10:00:00,Faridabad,28.4091,77.318999,30.5,67.4,0.0,MOCK
2026-09-05T19:00:00,Rohini,28.748093,77.056852,28.6,68.6,0.0,MOCK
2026-09-01T14:00:00,Delhi_Central,28.612264,77.207188,33.7,66.3,0.0,MOCK
2026-09-04T21:00:00,Rohini,28.750056,195.0,27.6,83.0,0.0,MOCK
2026-09-08T17:00:00,Ghaziabad,28.669406,77.45423,30.8,68.5,0.0,MOCK
2026-09-08T20:00:00,Faridabad,28.410499,77.316367,27.7,77.4,0.0,MOCK
2026-09-06T05:00:00,Najafgarh,28.607994,76.981303,28.9,81.8,0.0,MOCK
2026-09-02T22:00:00,Rohini,28.748971,77.05552,26.1,78.4,0.0,MOCK
2026-09-08T16:00:00,Rohini,28.749979,77.056393,32.6,67.6,0.0,MOCK
2026-09-02T13:00:00,Gurugram,28.459488,77.027989,32.4,69.1,0.0,MOCK
2026-09-03T15:00:00,Najafgarh,28.607507,76.978801,32.5,70.7,0.0,MOCK
2026-09-09T00:00:00,Shahdara,28.672359,77.28983,24.8,83.7,0.0,MOCK
2026-09-05T05:00:00,Faridabad,28.407192,77.317353,27.3,73.2,0.0,MOCK
2026-09-06T12:00:00,New_Delhi,28.613704,77.229209,35.7,68.3,0.0,MOCK
2026-09-06T05:00:00,Shahdara,28.671405,77.289408,27.8,81.4,0.0,MOCK
2026-09-04T11:00:00,Faridabad,28.407029,77.316877,32.9,62.0,0.0,MOCK
2026-09-08T15:00:00,New_Delhi,28.614782,77.229648,33.0,60.7,0.0,MOCK
2026-09-01T11:00:00,Najafgarh,28.610704,76.979548,31.9,63.1,0.0,MOCK
2026-09-07T11:00:00,Delhi_Central,28.615199,77.208927,31.7,63.7,0.0,MOCK
2026-09-03T05:00:00,New_Delhi,28.611691,77.230911,29.1,75.7,0.0,MOCK
2026-09-03T22:00:00,Faridabad,28.407123,77.316351,28.0,75.8,0.0,MOCK
2026-09-07T21:00:00,Ghaziabad,28.667292,77.454092,28.7,78.1,0.0,MOCK
2026-09-07T16:00:00,Shahdara,28.67466,77.287887,31.7,72.3,0.0,MOCK
2026-09-03T07:00:00,Shahdara,28.673156,77.287689,29.9,75.0,0.0,MOCK
2026-09-07T16:00:00,New_Delhi,28.613548,77.230509,33.6,68.5,0.0,MOCK
2026-09-06T01:00:00,Ghaziabad,28.667943,77.452036,26.4,88.5,0.0,MOCK
2026-09-07T02:00:00,Faridabad,28.409811,77.319559,25.9,81.2,0.0,MOCK
2026-09-08T08:00:00,Shahdara,28.674777,77.28966,31.8,70.0,0.0,MOCK
2026-09-08T10:00:00,New_Delhi,28.613455,77.229869,30.9,71.8,0.0,MOCK
2026-09-05T10:00:00,Noida,28.534502,77.390784,31.3,64.8,0.0,MOCK
2026-09-06T05:00:00,Delhi_Central,28.614926,77.209502,26.2,74.7,0.0,MOCK
2026-09-02T12:00:00,Faridabad,28.407584,77.315982,33.4,67.3,0.0,MOCK
2026-09-01T22:00:00,Shahdara,28.67475,77.290214,26.9,77.7,0.0,MOCK
2026-09-08T09:00:00,Shahdara,28.674761,77.288121,32.3,59.4,0.0,MOCK
2026-09-02T18:00:00,Shahdara,28.671555,77.288151,29.3,72.6,0.0,MOCK
2026-09-01T04:00:00,Rohini,28.74965,77.055173,27.7,78.7,0.0,MOCK
2026-09-06T12:00:00,Shahdara,28.675241,77.290199,31.8,60.6,0.0,MOCK
2026-09-09T02:00:00,New_Delhi,28.612023,77.230509,26.0,84.4,0.0,MOCK
2026-09-02T14:00:00,Shahdara,28.674496,77.288497,33.6,69.2,0.0,MOCK
2026-09-01T09:00:00,Ghaziabad,28.668443,77.454304,30.6,68.9,0.0,MOCK
2026-09-08T23:00:00,Ghaziabad,28.668421,77.455232,,82.8,0.0,MOCK
2026-09-07T18:00:00,Delhi_Central,28.612443,77.208815,29.4,74.4,0.0,MOCK
2026-09-05T06:00:00,Delhi_Central,28.612906,77.207483,28.9,70.4,0.0,MOCK
2026-09-06T02:00:00,Shahdara,28.671375,77.287901,25.8,79.7,14.9,MOCK
2026-09-04T05:00:00,Rohini,28.751466,77.056618,28.5,84.1,0.0,MOCK
2026-09-08T18:00:00,Gurugram,28.457504,77.026459,30.5,69.1,0.0,MOCK
2026-09-08T09:00:00,Faridabad,28.41002,77.316552,30.7,76.4,0.0,MOCK
2026-09-03T16:00:00,Najafgarh,28.61086,76.978681,31.8,65.4,0.0,MOCK
2026-09-08T19:00:00,Delhi_Central,28.611924,77.210479,29.6,77.6,0.0,MOCK
2026-09-09T01:00:00,Faridabad,28.408846,77.317257,25.4,81.5,0.0,MOCK
2026-09-07T22:00:00,Delhi_Central,28.612659,77.207489,24.4,74.3,0.0,MOCK
2026-09-02T03:00:00,Ghaziabad,28.67101,77.453126,25.8,84.1,0.0,MOCK
2026-09-04T12:00:00,New_Delhi,28.614101,77.230252,32.3,54.7,0.0,MOCK
2026-09-03T08:00:00,Faridabad,28.407578,77.316241,29.9,75.5,0.0,MOCK
2026-09-03T01:00:00,New_Delhi,28.612731,77.229769,26.5,79.9,0.0,MOCK
2026-09-01T16:00:00,New_Delhi,28.61265,77.228221,30.9,65.7,0.0,MOCK
2026-09-08T03:00:00,Faridabad,28.409212,77.318445,24.7,80.8,0.0,MOCK
2026-09-07T07:00:00,Ghaziabad,28.671125,77.453133,30.4,67.9,0.0,MOCK
2026-09-05T02:00:00,Ghaziabad,28.667224,77.455279,24.9,76.9,0.0,MOCK
2026-09-06T05:00:00,Faridabad,28.407682,77.317678,27.0,77.2,0.0,MOCK
2026-09-05T02:00:00,Dwarka,28.591219,77.04472,25.9,85.4,0.0,MOCK
2026-09-02T03:00:00,Delhi_Central,28.612852,77.209676,27.2,87.2,0.0,MOCK
2026-09-01T19:00:00,Delhi_Central,28.614336,77.207611,30.5,67.8,0.0,MOCK
2026-09-07T10:00:00,Delhi_Central,28.614058,77.210886,31.2,73.0,0.0,MOCK
2026-09-08T10:00:00,Delhi_Central,28.614783,77.20786,32.0,59.2,0.0,MOCK
2026-09-04T13:00:00,Rohini,28.751169,77.057597,32.7,61.5,0.0,MOCK
2026-09-05T19:00:00,New_Delhi,28.611512,77.229757,29.6,70.8,0.0,MOCK
2026-09-04T09:00:00,Ghaziabad,28.670915,77.453299,32.0,68.3,0.0,MOCK
2026-09-08T05:00:00,Najafgarh,28.609202,76.978269,27.1,75.5,0.0,MOCK
2026-09-01T16:00:00,Ghaziabad,28.670381,77.45532,32.6,72.0,7.0,MOCK
2026-09-07T08:00:00,Delhi_Central,28.614413,77.210614,30.2,64.3,0.0,MOCK
2026-09-05T01:00:00,Rohini,28.748775,77.058307,26.6,80.9,0.0,MOCK
2026-09-01T19:00:00,New_Delhi,28.611849,77.230825,28.1,77.8,0.0,MOCK
2026-09-07T23:00:00,Shahdara,28.672942,77.287575,28.1,76.0,0.0,MOCK
2026-09-02T23:00:00,Delhi_Central,28.615284,77.207369,25.8,76.2,0.0,MOCK
2026-09-02T19:00:00,Ghaziabad,28.668606,77.454136,28.3,71.3,0.0,MOCK
2026-09-02T18:00:00,Gurugram,28.458222,77.024674,29.5,73.3,0.0,MOCK
2026-09-09T01:00:00,Gurugram,28.461106,77.027291,24.3,74.2,,MOCK
2026-09-08T05:00:00,Delhi_Central,28.615682,77.207173,27.0,71.1,0.0,MOCK
2026-09-06T01:00:00,Noida,28.536718,77.390705,27.0,82.5,0.0,MOCK
2026-09-01T07:00:00,Ghaziabad,28.668995,77.451821,29.5,70.1,0.0,MOCK
2026-09-07T02:00:00,Rohini,28.749778,77.058126,25.5,77.6,0.0,MOCK
2026-09-08T08:00:00,Rohini,28.750147,77.055494,30.4,74.2,0.0,MOCK
2026-09-01T01:00:00,Gurugram,28.458069,77.025506,26.6,80.9,0.0,MOCK
2026-09-05T17:00:00,Shahdara,28.672037,77.288873,32.3,61.3,0.0,MOCK
2026-09-02T23:00:00,Ghaziabad,28.667987,77.453117,25.5,79.5,0.0,MOCK
2026-09-05T08:00:00,Faridabad,28.409709,77.317705,31.1,73.1,0.0,MOCK
2026-09-05T13:00:00,Dwarka,28.592679,77.045085,33.0,67.9,0.0,MOCK
2026-09-03T23:00:00,New_Delhi,28.612192,77.227887,25.5,77.3,0.0,MOCK
2026-09-05T04:00:00,Dwarka,28.590698,77.047223,25.4,79.0,0.0,MOCK
2026-09-03T10:00:00,Shahdara,28.673188,77.287364,32.4,65.4,0.0,MOCK
2026-09-03T21:00:00,Noida,28.536963,77.389941,26.9,68.7,0.0,MOCK
2026-09-03T01:00:00,Gurugram,28.458137,77.025146,25.2,78.0,0.0,MOCK
2026-09-07T07:00:00,Dwarka,28.593395,77.045063,30.0,70.4,0.0,MOCK
2026-09-02T21:00:00,Faridabad,28.407626,77.31654,28.3,72.0,0.0,MOCK
2026-09-08T00:00:00,Dwarka,28.59226,77.044598,25.6,75.5,0.0,MOCK
2026-09-07T09:00:00,Rohini,28.750411,77.056885,31.7,74.7,0.0,MOCK
2026-09-04T21:00:00,Faridabad,28.40747,77.319282,28.2,80.4,0.0,MOCK
2026-09-05T11:00:00,Najafgarh,28.608357,76.979708,31.9,66.7,0.0,MOCK
2026-09-02T05:00:00,Shahdara,28.672309,77.28835,27.6,76.0,0.0,MOCK
2026-09-07T18:00:00,Noida,28.535666,77.389528,29.0,69.3,0.0,MOCK
2026-09-05T19:00:00,Ghaziabad,28.667955,77.453492,29.5,75.2,0.0,MOCK
2026-09-08T11:00:00,Dwarka,28.592193,77.045035,33.4,65.8,0.0,MOCK
2026-09-01T19:00:00,Dwarka,28.593194,77.04746,29.5,70.7,12.1,MOCK
2026-09-02T15:00:00,Delhi_Central,28.614278,77.209478,33.6,67.4,0.0,MOCK
2026-09-08T06:00:00,Gurugram,28.457981,77.028345,28.0,72.9,0.0,MOCK
2026-09-06T16:00:00,Faridabad,28.409426,77.317232,30.5,71.1,0.0,MOCK
2026-09-04T17:00:00,Ghaziabad,28.669912,77.455689,33.4,66.8,0.0,MOCK
2026-09-03T16:00:00,Delhi_Central,28.614609,77.210611,31.9,68.6,0.0,MOCK
2026-09-01T20:00:00,Najafgarh,28.607226,76.97974,28.5,71.3,0.0,MOCK
2026-09-04T09:00:00,Dwarka,28.5924,77.045044,30.6,73.6,0.0,MOCK
2026-09-07T20:00:00,Delhi_Central,28.615706,77.207131,28.2,74.9,0.0,MOCK
2026-09-06T18:00:00,Noida,28.53532,77.390549,28.1,70.9,0.0,MOCK
2026-09-07T04:00:00,Faridabad,28.407672,77.316492,26.8,72.7,0.0,MOCK
2026-09-04T10:00:00,Delhi_Central,95.5,77.209489,31.2,63.0,0.0,MOCK
2026-09-05T17:00:00,Ghaziabad,28.668217,77.454209,30.9,65.7,0.0,MOCK
2026-09-04T14:00:00,Noida,28.534105,77.390787,32.9,64.8,0.0,MOCK
2026-09-06T10:00:00,Faridabad,28.407867,77.319694,32.5,64.5,0.0,MOCK
2026-09-06T18:00:00,Rohini,28.749053,77.054641,28.5,58.6,0.0,MOCK
2026-09-07T20:00:00,Najafgarh,28.607951,76.980576,29.6,75.2,0.0,MOCK
2026-09-04T17:00:00,Rohini,28.748727,77.057254,31.7,65.4,0.0,MOCK
2026-09-05T10:00:00,Delhi_Central,28.613864,77.210491,30.3,64.6,0.0,MOCK
2026-09-06T21:00:00,New_Delhi,28.612723,77.229635,28.2,84.3,0.0,MOCK
2026-09-03T04:00:00,Dwarka,28.590573,77.044921,26.7,79.9,0.0,MOCK
2026-09-01T02:00:00,Gurugram,28.460636,77.024911,25.3,80.8,0.0,MOCK
2026-09-06T04:00:00,Faridabad,28.407031,77.31696,27.0,76.6,0.0,MOCK
2026-09-03T17:00:00,Gurugram,28.460865,77.02747,32.2,59.7,0.0,MOCK
2026-09-08T05:00:00,Rohini,28.748023,77.058182,29.5,76.9,0.0,MOCK
2026-09-03T03:00:00,Gurugram,28.459906,77.028069,26.8,78.7,0.0,MOCK
2026-09-08T11:00:00,Shahdara,28.672271,77.28898,32.3,65.2,0.0,MOCK
2026-09-05T21:00:00,Rohini,28.749442,77.056936,26.7,75.0,0.0,MOCK
2026-09-07T03:00:00,Dwarka,28.590908,77.045941,26.9,81.7,0.0,MOCK
2026-09-07T02:00:00,New_Delhi,28.613767,77.229462,26.2,76.5,0.0,MOCK
2026-09-07T08:00:00,Ghaziabad,28.670002,77.45201,31.2,67.6,0.0,MOCK
2026-09-02T08:00:00,Delhi_Central,28.614101,77.207202,30.4,79.1,0.0,MOCK
2026-09-01T23:00:00,Shahdara,28.673119,77.288945,27.1,78.9,0.0,MOCK
2026-09-06T06:00:00,Dwarka,28.590509,77.045077,28.8,74.1,0.0,MOCK
2026-09-08T02:00:00,Delhi_Central,28.612903,77.207698,26.7,79.5,0.0,MOCK
2026-09-09T06:00:00,Rohini,28.749783,77.057169,28.0,75.7,0.0,MOCK
2026-09-04T11:00:00,Najafgarh,28.607709,76.980321,32.9,71.6,0.0,MOCK
2026-09-01T03:00:00,Rohini,28.749455,77.054831,24.8,78.8,0.0,MOCK
2026-09-02T03:00:00,New_Delhi,28.613208,77.228443,24.6,79.7,0.0,MOCK
2026-09-05T10:00:00,New_Delhi,28.612229,77.228245,31.6,68.5,0.0,MOCK
2026-09-01T06:00:00,Noida,28.534718,77.39231,27.9,73.0,0.0,MOCK
2026-09-07T22:00:00,Ghaziabad,28.667924,77.453737,26.7,76.0,0.0,MOCK
2026-09-04T04:00:00,New_Delhi,28.61473,77.23041,26.5,78.3,0.0,MOCK
2026-09-08T02:00:00,Faridabad,28.410451,77.319663,26.2,79.8,0.0,MOCK
2026-09-06T21:00:00,Delhi_Central,28.614887,77.208736,29.5,78.2,0.0,MOCK
2026-09-07T13:00:00,Dwarka,28.591822,77.046903,33.8,64.2,0.0,MOCK
2026-09-08T06:00:00,Delhi_Central,28.615756,77.207243,28.9,66.1,0.0,MOCK
2026-09-08T17:00:00,Najafgarh,28.607449,76.97819,29.2,71.9,0.0,MOCK
2026-09-05T08:00:00,Dwarka,28.590179,195.0,30.7,74.0,0.0,MOCK
2026-09-07T16:00:00,Gurugram,28.459079,77.025655,31.7,70.2,0.0,MOCK
2026-09-01T07:00:00,Gurugram,28.457896,77.026913,27.7,72.0,0.0,MOCK
2026-09-03T21:00:00,Najafgarh,28.607335,76.978912,26.3,72.2,0.0,MOCK
2026-09-05T20:00:00,Noida,28.536651,77.389171,29.9,70.2,1.2,MOCK
2026-09-07T08:00:00,Najafgarh,28.609666,76.979694,30.6,66.5,0.0,MOCK
2026-09-08T03:00:00,Gurugram,28.460444,77.027184,26.3,81.6,0.0,MOCK
2026-09-09T05:00:00,Gurugram,28.459278,77.025486,27.5,75.3,0.0,MOCK
2026-09-05T07:00:00,Noida,28.53374,77.392822,30.5,75.1,0.0,MOCK
2026-09-06T22:00:00,Dwarka,28.592318,77.044276,27.4,74.2,0.0,MOCK
2026-09-01T00:00:00,Ghaziabad,28.670484,77.453384,26.3,75.8,0.0,MOCK
2026-09-07T03:00:00,Najafgarh,28.608365,76.978172,26.7,81.6,0.0,MOCK
2026-09-07T05:00:00,New_Delhi,28.612126,77.230329,26.8,69.9,0.0,MOCK
2026-09-07T11:00:00,Shahdara,28.67487,77.288021,33.4,72.1,0.0,MOCK
2026-09-08T08:00:00,Dwarka,28.593373,77.044799,30.6,69.8,0.0,MOCK
2026-09-08T00:00:00,Noida,28.536271,77.391665,26.6,76.2,0.0,MOCK
2026-09-06T07:00:00,Faridabad,28.408034,77.319318,29.2,71.5,0.0,MOCK
2026-09-03T11:00:00,Najafgarh,28.608946,76.978032,34.3,58.6,0.0,MOCK
2026-09-04T08:00:00,Delhi_Central,28.61489,77.209185,31.4,62.2,0.0,MOCK
2026-09-07T09:00:00,Faridabad,28.410761,77.317209,31.5,66.5,0.0,MOCK
2026-09-06T19:00:00,Najafgarh,28.610639,76.978717,28.5,74.0,0.0,MOCK
2026-09-05T04:00:00,New_Delhi,28.615056,77.228785,28.3,74.1,0.0,MOCK
2026-09-02T08:00:00,New_Delhi,28.611643,77.231121,31.9,71.3,0.0,MOCK
2026-09-05T14:00:00,Rohini,28.75021,77.056981,33.8,60.1,0.0,MOCK
2026-09-08T07:00:00,Rohini,28.751412,77.057179,29.1,65.9,0.0,MOCK
2026-09-07T17:00:00,Noida,28.535485,77.3925,31.3,67.7,0.0,MOCK
2026-09-06T11:00:00,Gurugram,28.457573,77.028124,32.9,65.3,0.0,MOCK
2026-09-02T16:00:00,Shahdara,28.672391,77.288629,32.5,61.8,0.0,MOCK
2026-09-06T04:00:00,New_Delhi,28.612091,77.227514,27.3,81.8,0.0,MOCK
2026-09-01T09:00:00,Shahdara,28.672094,77.29089,33.8,64.3,0.0,MOCK
2026-09-04T18:00:00,Gurugram,28.459246,77.028581,30.0,71.1,0.0,MOCK
2026-09-02T18:00:00,New_Delhi,28.614758,77.230473,30.2,67.4,0.0,MOCK
2026-09-03T02:00:00,Noida,28.534216,77.391384,24.8,77.7,0.0,MOCK
2026-09-06T14:00:00,New_Delhi,28.613094,77.230897,32.5,65.8,0.0,MOCK
2026-09-05T15:00:00,New_Delhi,28.61478,77.230314,33.1,67.7,0.0,MOCK
2026-09-06T07:00:00,New_Delhi,28.611263,77.228324,30.3,68.1,0.0,MOCK
2026-09-07T06:00:00,Gurugram,28.458838,77.0275,27.7,75.5,0.0,MOCK
2026-09-01T07:00:00,New_Delhi,28.612999,77.230739,,73.2,0.0,MOCK
2026-09-01T21:00:00,Dwarka,28.591937,77.045327,26.9,68.3,0.0,MOCK
2026-09-09T01:00:00,Rohini,28.751164,77.057549,26.2,76.4,0.0,MOCK
2026-09-07T14:00:00,New_Delhi,28.614672,77.23105,33.1,67.4,0.0,MOCK
2026-09-04T21:00:00,Dwarka,28.590988,77.046307,26.1,76.5,0.0,MOCK
2026-09-08T04:00:00,Noida,28.537402,77.390325,27.0,80.9,13.3,MOCK
2026-09-05T18:00:00,Noida,28.53406,77.389772,30.5,71.3,0.0,MOCK
2026-09-09T02:00:00,Gurugram,28.459653,77.027749,24.8,83.8,0.0,MOCK
2026-09-02T22:00:00,Dwarka,28.593731,77.045445,26.3,77.5,3.9,MOCK
2026-09-06T23:00:00,Dwarka,28.590103,77.046552,26.1,81.4,0.0,MOCK
2026-09-06T15:00:00,Delhi_Central,28.615146,77.208544,33.3,64.2,0.0,MOCK
2026-09-02T05:00:00,Dwarka,28.592249,77.047788,25.9,74.1,10.8,MOCK
2026-09-02T12:00:00,Rohini,28.747567,77.05477,33.5,58.5,0.0,MOCK
2026-09-04T22:00:00,Ghaziabad,28.669592,77.455584,26.1,79.6,16.6,MOCK
2026-09-01T15:00:00,Rohini,28.750035,77.058021,32.1,63.9,0.0,MOCK
2026-09-06T10:00:00,Dwarka,28.590588,77.047073,33.4,73.8,0.0,MOCK
2026-09-02T17:00:00,Dwarka,28.591988,77.047101,32.3,65.4,0.0,MOCK
2026-09-08T16:00:00,Delhi_Central,28.612333,77.210381,32.0,65.3,0.0,MOCK
2026-09-04T06:00:00,Dwarka,28.594087,77.047119,28.1,74.6,0.0,MOCK
2026-09-03T00:00:00,Shahdara,28.675283,77.287094,25.2,77.6,0.0,MOCK
2026-09-01T17:00:00,Delhi_Central,28.612346,77.208739,30.5,63.7,0.0,MOCK
2026-09-02T19:00:00,Delhi_Central,28.613378,77.207631,30.1,81.3,0.0,MOCK
2026-09-08T07:00:00,Delhi_Central,28.615539,77.207294,29.1,72.5,0.0,MOCK
2026-09-03T19:00:00,Shahdara,28.674166,77.289046,28.8,76.4,0.0,MOCK
2026-09-07T04:00:00,Najafgarh,28.609333,76.978778,27.8,76.3,0.0,MOCK
2026-09-01T14:00:00,Shahdara,28.673974,77.290325,32.4,65.8,0.0,MOCK
2026-09-04T14:00:00,Gurugram,28.460987,77.027939,32.0,64.2,2.5,MOCK
2026-09-08T19:00:00,Ghaziabad,28.669107,77.45231,30.7,71.0,0.0,MOCK
2026-09-03T02:00:00,Ghaziabad,28.66952,77.454421,26.3,73.1,0.0,MOCK
2026-09-02T23:00:00,Dwarka,28.591396,77.046815,24.4,79.4,0.0,MOCK
2026-09-09T04:00:00,Noida,28.537143,77.38941,26.0,76.9,0.0,MOCK
2026-09-03T19:00:00,New_Delhi,28.613709,77.228659,29.9,67.9,0.0,MOCK
2026-09-06T19:00:00,Ghaziabad,28.670265,77.452682,30.3,69.7,0.0,MOCK
2026-09-07T15:00:00,Noida,28.536735,77.392764,33.1,70.8,0.0,MOCK
2026-09-03T00:00:00,Dwarka,28.592277,77.044695,25.0,78.3,0.0,MOCK
2026-09-02T18:00:00,Noida,28.537252,77.391707,31.3,67.8,0.0,MOCK
2026-09-05T12:00:00,New_Delhi,28.613877,77.228239,34.4,60.1,0.0,MOCK
2026-09-03T08:00:00,Najafgarh,28.610294,76.981045,30.9,77.4,,MOCK
2026-09-03T22:00:00,Najafgarh,28.609639,76.979781,24.9,82.4,0.0,MOCK
2026-09-07T15:00:00,Ghaziabad,28.66779,77.455602,33.0,60.2,0.0,MOCK
2026-09-07T20:00:00,Faridabad,28.408718,77.319195,27.9,79.0,0.0,MOCK
2026-09-03T23:00:00,Najafgarh,28.607938,76.979524,25.8,75.6,0.0,MOCK
2026-09-07T15:00:00,Rohini,28.750021,77.055704,31.2,64.1,0.0,MOCK
2026-09-07T08:00:00,New_Delhi,28.613896,77.230725,29.2,80.9,0.0,MOCK
2026-09-07T18:00:00,Gurugram,28.458018,77.027418,29.9,68.0,0.0,MOCK
2026-09-01T18:00:00,Najafgarh,28.610157,76.978012,30.8,71.3,0.0,MOCK
2026-09-01T22:00:00,Rohini,28.748596,77.057118,26.9,81.6,0.0,MOCK
2026-09-02T23:00:00,Najafgarh,28.610962,76.981489,26.0,84.0,0.0,MOCK
2026-09-05T11:00:00,Noida,28.536158,77.390066,33.4,64.0,0.0,MOCK
2026-09-05T23:00:00,Najafgarh,28.610658,76.981772,26.6,75.0,0.0,MOCK
2026-09-07T23:00:00,Ghaziabad,28.667454,77.455436,25.8,75.2,0.0,MOCK
2026-09-03T11:00:00,Gurugram,28.459923,77.027966,31.5,58.2,0.0,MOCK
2026-09-07T21:00:00,Najafgarh,28.607826,76.979202,26.0,75.0,0.0,MOCK
2026-09-06T00:00:00,New_Delhi,28.614938,77.227776,25.7,80.4,0.0,MOCK
2026-09-06T09:00:00,Gurugram,28.45863,77.027597,32.5,61.3,0.0,MOCK
2026-09-07T01:00:00,Ghaziabad,28.667207,77.452048,25.6,85.4,0.0,MOCK
2026-09-03T17:00:00,Najafgarh,28.609815,76.979907,31.5,58.9,0.0,MOCK
2026-09-01T08:00:00,Rohini,28.749256,77.058476,31.1,70.0,0.0,MOCK
2026-09-05T08:00:00,Delhi_Central,28.613032,77.207402,30.2,70.7,0.0,MOCK
2026-09-08T10:00:00,Shahdara,28.672979,77.290345,31.6,63.5,0.0,MOCK
2026-09-04T05:00:00,Ghaziabad,28.668377,77.453939,27.6,68.9,2.0,MOCK
2026-09-01T15:00:00,Dwarka,28.592585,77.047836,33.2,61.6,0.0,MOCK
2026-09-08T04:00:00,Faridabad,28.407955,77.316985,28.0,76.9,0.0,MOCK
2026-09-01T22:00:00,Najafgarh,28.607423,76.978287,27.7,81.7,0.0,MOCK
2026-09-05T07:00:00,Faridabad,28.409973,77.316598,31.4,75.3,0.0,MOCK
2026-09-07T19:00:00,Noida,28.533752,77.392487,29.3,75.6,0.0,MOCK
2026-09-07T00:00:00,Shahdara,28.673447,77.287538,27.5,82.3,0.0,MOCK
2026-09-01T04:00:00,Noida,28.536808,77.38917,27.9,72.4,0.0,MOCK
2026-09-02T13:00:00,Rohini,28.749526,77.057014,32.4,65.5,0.0,MOCK
2026-09-04T17:00:00,Najafgarh,28.608833,76.980408,32.4,71.0,0.0,MOCK
2026-09-05T22:00:00,Ghaziabad,28.67092,77.453392,26.2,73.7,0.0,MOCK
2026-09-07T15:00:00,Najafgarh,28.608387,76.979542,31.6,66.0,0.0,MOCK
2026-09-02T12:00:00,Noida,28.534622,77.389125,33.4,56.7,0.0,MOCK
2026-09-05T10:00:00,Najafgarh,28.610155,76.97922,32.2,63.6,0.0,MOCK
2026-09-07T04:00:00,Noida,95.5,77.391813,25.7,82.9,0.0,MOCK
2026-09-07T02:00:00,Ghaziabad,28.66866,77.454517,25.3,77.6,0.0,MOCK
2026-09-05T14:00:00,Shahdara,28.672495,77.2878,32.6,60.6,0.0,MOCK
2026-09-06T20:00:00,Najafgarh,28.610133,76.98156,28.7,65.6,0.0,MOCK
2026-09-03T18:00:00,Faridabad,28.408587,77.318112,28.8,68.5,0.0,MOCK
2026-09-08T23:00:00,New_Delhi,28.611857,77.231436,27.7,83.7,0.0,MOCK
2026-09-02T20:00:00,Rohini,28.751046,77.057586,29.3,75.8,0.0,MOCK
2026-09-02T15:00:00,Faridabad,28.409722,77.317997,31.9,69.9,0.0,MOCK
2026-09-02T10:00:00,Najafgarh,28.608496,76.981621,33.5,63.6,0.0,MOCK
2026-09-04T13:00:00,Gurugram,28.458028,77.025869,34.1,69.1,0.0,MOCK
2026-09-04T00:00:00,New_Delhi,28.614661,77.228139,25.9,83.2,0.0,MOCK
2026-09-01T16:00:00,Noida,28.533523,77.392531,32.9,71.1,0.0,MOCK
2026-09-03T19:00:00,Dwarka,28.591364,77.045449,29.9,72.3,0.0,MOCK
2026-09-04T19:00:00,Dwarka,28.592266,77.044169,29.2,66.7,0.0,MOCK
2026-09-07T00:00:00,Dwarka,28.593204,77.044955,24.5,81.1,0.0,MOCK
2026-09-07T05:00:00,Noida,28.536587,77.392497,27.5,70.6,0.0,MOCK
2026-09-08T04:00:00,Ghaziabad,28.669225,77.453254,24.4,74.4,0.0,MOCK
2026-09-05T13:00:00,Noida,28.535661,77.389013,32.4,67.4,0.0,MOCK
2026-09-06T06:00:00,Noida,28.533857,77.391607,28.4,74.4,0.0,MOCK
2026-09-06T23:00:00,Noida,28.53642,77.391945,28.0,78.4,0.0,MOCK
2026-09-03T07:00:00,Noida,28.536655,77.39253,30.6,69.9,0.0,MOCK
2026-09-03T14:00:00,Noida,28.537324,77.389278,32.8,65.8,0.0,MOCK
2026-09-02T07:00:00,Noida,28.534865,77.391898,28.8,76.4,12.4,MOCK
2026-09-02T02:00:00,Rohini,28.750423,77.05491,24.6,80.3,0.0,MOCK
2026-09-06T02:00:00,Dwarka,28.591613,77.045052,25.9,80.8,0.0,MOCK
2026-09-06T15:00:00,Faridabad,28.410582,77.316115,31.9,67.6,12.8,MOCK
2026-09-03T08:00:00,New_Delhi,28.613235,77.227985,30.3,61.1,0.0,MOCK
2026-09-07T22:00:00,Faridabad,28.408643,77.316481,26.8,77.5,0.0,MOCK
2026-09-08T22:00:00,Najafgarh,28.610551,76.977813,26.5,81.9,0.0,MOCK
2026-09-05T12:00:00,Gurugram,28.458682,77.024791,35.1,70.9,0.0,MOCK
2026-09-02T16:00:00,Noida,28.535275,77.3891,33.8,71.2,0.0,MOCK
2026-09-06T21:00:00,Noida,28.536052,77.391446,26.9,82.7,0.0,MOCK
2026-09-04T15:00:00,Delhi_Central,28.612405,77.209678,32.2,55.6,2.9,MOCK
2026-09-04T22:00:00,New_Delhi,28.612719,77.231421,26.2,74.3,0.0,MOCK
2026-09-01T14:00:00,Dwarka,28.594025,77.044035,34.2,59.7,0.0,MOCK
2026-09-04T12:00:00,Noida,28.534647,77.38933,36.1,68.5,0.0,MOCK
2026-09-08T21:00:00,Shahdara,28.672905,77.288394,28.0,82.4,0.0,MOCK
2026-09-07T09:00:00,Dwarka,28.591095,195.0,30.6,63.3,0.0,MOCK
2026-09-06T08:00:00,New_Delhi,28.611395,77.230462,30.8,70.7,0.0,MOCK
2026-09-06T06:00:00,Rohini,28.750042,77.054995,29.0,70.9,0.0,MOCK
2026-09-09T03:00:00,Dwarka,28.593835,77.047577,26.6,75.8,0.0,MOCK
2026-09-07T13:00:00,New_Delhi,28.613463,77.230932,33.6,68.5,0.0,MOCK
2026-09-05T08:00:00,Ghaziabad,28.670616,77.454835,30.1,63.6,0.0,MOCK
2026-09-08T19:00:00,Rohini,28.747928,77.056943,30.2,73.9,0.0,MOCK
2026-09-03T09:00:00,Shahdara,28.673698,77.289929,31.3,66.7,0.0,MOCK
2026-09-05T21:00:00,Shahdara,28.673837,77.289938,28.0,69.1,0.0,MOCK
2026-09-06T17:00:00,Dwarka,28.593823,77.047988,31.0,69.4,0.0,MOCK
2026-09-07T05:00:00,Faridabad,28.409235,77.318866,26.5,68.1,0.0,MOCK
2026-09-06T10:00:00,Noida,28.533883,77.390448,32.0,66.7,0.0,MOCK
2026-09-03T05:00:00,Faridabad,28.407392,77.3191,28.1,76.9,0.0,MOCK
2026-09-08T13:00:00,Noida,28.536723,77.392881,31.6,68.7,0.0,MOCK
2026-09-05T12:00:00,Najafgarh,28.610946,76.978135,34.0,66.6,0.0,MOCK
2026-09-07T11:00:00,Najafgarh,28.608452,76.980408,32.9,59.2,0.0,MOCK
2026-09-05T10:00:00,Dwarka,28.593046,77.047559,32.7,62.9,0.0,MOCK
2026-09-05T16:00:00,Rohini,28.751489,77.057009,33.8,69.6,0.0,MOCK
2026-09-03T06:00:00,Ghaziabad,28.66951,77.452313,28.9,78.2,0.0,MOCK
2026-09-01T12:00:00,Shahdara,28.672113,77.287361,32.8,62.4,0.0,MOCK
2026-09-04T14:00:00,Rohini,28.751268,77.056082,35.0,58.1,0.0,MOCK
2026-09-06T00:00:00,Noida,28.535864,77.392271,25.2,86.0,0.0,MOCK
2026-09-08T00:00:00,Shahdara,28.67227,77.290145,27.0,73.2,0.0,MOCK
2026-09-03T13:00:00,Ghaziabad,28.669838,77.45208,34.7,68.7,0.0,MOCK
2026-09-03T13:00:00,Najafgarh,28.61045,76.978106,30.1,59.3,0.0,MOCK
2026-09-08T22:00:00,Dwarka,28.593982,77.047639,25.9,75.3,0.0,MOCK
2026-09-06T00:00:00,Shahdara,28.674256,77.289602,25.1,80.7,0.0,MOCK
2026-09-08T02:00:00,Gurugram,28.459139,77.025531,26.9,76.7,0.0,MOCK
2026-09-08T07:00:00,Noida,28.535107,77.392364,30.0,70.7,0.0,MOCK
2026-09-06T08:00:00,Ghaziabad,28.668624,77.453121,31.3,67.9,0.0,MOCK
2026-09-02T16:00:00,Delhi_Central,28.612717,77.209865,31.3,69.2,0.0,MOCK
2026-09-07T07:00:00,Delhi_Central,28.614446,77.209484,29.4,79.0,0.0,MOCK
2026-09-05T21:00:00,Gurugram,28.460936,77.025437,26.9,76.3,17.5,MOCK
2026-09-07T10:00:00,Gurugram,28.460104,77.025099,31.1,70.6,0.0,MOCK
2026-09-04T00:00:00,Delhi_Central,28.615106,77.20967,27.1,80.3,0.0,MOCK
2026-09-04T14:00:00,Ghaziabad,28.669035,77.452064,33.2,68.3,0.0,MOCK
2026-09-03T11:00:00,Rohini,28.75078,77.054799,32.3,65.1,0.0,MOCK
2026-09-07T12:00:00,Shahdara,28.673972,77.28837,,60.3,0.0,MOCK
2026-09-07T17:00:00,Gurugram,28.459458,77.028493,30.4,68.2,0.0,MOCK
2026-09-01T13:00:00,Shahdara,28.673209,77.288379,34.0,70.5,0.0,MOCK
2026-09-05T23:00:00,Delhi_Central,28.615703,77.210998,28.6,84.1,0.0,MOCK
2026-09-07T08:00:00,Gurugram,28.460686,77.02697,28.5,69.1,0.0,MOCK
2026-09-01T07:00:00,Delhi_Central,28.612304,77.208112,28.8,75.3,0.0,MOCK
2026-09-01T10:00:00,Shahdara,28.675181,77.288237,31.9,64.5,0.0,MOCK
2026-09-01T12:00:00,Delhi_Central,28.615558,77.208835,34.0,62.2,0.0,MOCK
2026-09-04T06:00:00,Rohini,28.750127,77.055566,29.8,58.2,0.0,MOCK
2026-09-01T07:00:00,Najafgarh,28.609093,76.979219,29.0,77.0,0.0,MOCK
2026-09-01T12:00:00,New_Delhi,28.613826,77.231125,33.7,68.0,0.0,MOCK
2026-09-02T09:00:00,Faridabad,28.409903,77.317337,31.7,60.8,0.0,MOCK
2026-09-04T06:00:00,Delhi_Central,28.615519,77.209336,27.1,72.9,0.0,MOCK
2026-09-07T14:00:00,Shahdara,28.672483,77.290493,32.5,69.0,0.0,MOCK
2026-09-02T20:00:00,Najafgarh,28.61053,76.980081,28.6,65.2,0.0,MOCK
2026-09-07T03:00:00,New_Delhi,28.613153,77.231168,26.2,84.8,0.0,MOCK
2026-09-03T18:00:00,Ghaziabad,28.670841,77.455317,31.8,71.6,0.0,MOCK
2026-09-02T11:00:00,Delhi_Central,28.615729,77.210982,32.6,72.4,0.0,MOCK
2026-09-01T16:00:00,Najafgarh,28.607417,76.978019,34.4,66.9,0.0,MOCK
2026-09-03T12:00:00,Gurugram,28.458459,77.026811,32.6,56.6,0.0,MOCK
2026-09-02T15:00:00,Noida,28.534365,77.390209,32.1,65.5,0.0,MOCK
2026-09-04T16:00:00,Shahdara,28.673836,77.287786,31.8,67.7,0.0,MOCK
2026-09-01T02:00:00,Faridabad,28.410203,77.315942,26.8,82.7,0.0,MOCK
2026-09-04T17:00:00,Faridabad,28.409517,77.318875,33.2,71.7,0.0,MOCK
2026-09-05T20:00:00,Delhi_Central,28.614896,77.209277,28.0,72.6,0.0,MOCK
2026-09-03T02:00:00,Dwarka,28.592047,77.045928,26.3,76.7,0.0,MOCK
2026-09-06T00:00:00,Gurugram,28.458305,77.026878,27.4,78.3,0.0,MOCK
2026-09-04T21:00:00,New_Delhi,28.612595,77.231235,27.9,78.4,0.0,MOCK
2026-09-06T09:00:00,New_Delhi,28.611426,77.229516,30.4,69.9,0.0,MOCK
2026-09-04T22:00:00,Shahdara,28.672577,77.290897,25.7,81.4,0.0,MOCK
2026-09-08T21:00:00,Rohini,28.749855,77.057589,29.1,78.4,0.0,MOCK
2026-09-04T10:00:00,Gurugram,28.461487,77.028357,32.3,67.9,0.0,MOCK
2026-09-02T08:00:00,Ghaziabad,28.670944,77.45302,30.7,66.5,0.0,MOCK
2026-09-05T07:00:00,Rohini,28.747603,77.055183,29.4,77.7,0.0,MOCK
2026-09-07T14:00:00,Najafgarh,28.607883,76.981013,34.5,68.4,7.8,MOCK
2026-09-06T21:00:00,Najafgarh,28.608792,76.97974,28.6,76.0,0.0,MOCK
2026-09-03T03:00:00,Delhi_Central,28.61274,77.207998,28.1,74.4,0.0,MOCK
2026-09-08T16:00:00,Shahdara,28.673391,77.290761,32.1,72.4,,MOCK
2026-09-07T03:00:00,Ghaziabad,28.668781,77.453953,26.7,73.9,0.0,MOCK
2026-09-04T15:00:00,Dwarka,28.590404,77.047726,33.1,67.2,0.0,MOCK
2026-09-02T09:00:00,Shahdara,28.674602,77.29034,31.4,78.8,0.0,MOCK
2026-09-08T04:00:00,Shahdara,28.671799,77.289972,26.5,74.1,0.0,MOCK
2026-09-08T08:00:00,New_Delhi,28.612457,77.231358,31.8,72.7,0.0,MOCK
2026-09-03T13:00:00,Rohini,28.748588,77.054799,34.2,58.5,0.0,MOCK
2026-09-02T15:00:00,Shahdara,28.674413,77.288107,31.3,66.6,0.0,MOCK
2026-09-02T11:00:00,Gurugram,28.459061,77.02689,33.4,60.4,0.0,MOCK
2026-09-09T05:00:00,Rohini,28.749516,77.057277,26.8,65.8,0.0,MOCK
2026-09-05T17:00:00,New_Delhi,28.612863,77.229697,32.2,69.9,0.0,MOCK
2026-09-08T10:00:00,Dwarka,28.590545,77.0458,34.3,63.0,12.5,MOCK
2026-09-01T01:00:00,Noida,28.536969,77.39096,26.6,78.1,0.0,MOCK
2026-09-05T19:00:00,Delhi_Central,28.614491,77.210634,28.4,64.1,0.0,MOCK
2026-09-05T23:00:00,Ghaziabad,28.669985,77.4539,26.0,89.6,1.4,MOCK
2026-09-08T23:00:00,Najafgarh,28.609985,76.980065,25.8,82.3,0.0,MOCK
2026-09-07T02:00:00,Noida,28.536785,77.39081,26.8,80.4,0.0,MOCK
2026-09-05T21:00:00,Dwarka,28.592356,77.046094,28.3,80.6,0.0,MOCK
2026-09-07T15:00:00,New_Delhi,28.614797,77.229754,31.7,65.6,0.0,MOCK
2026-09-05T17:00:00,Rohini,28.747768,77.056052,32.5,65.5,0.0,MOCK
2026-09-05T03:00:00,Dwarka,28.59118,77.044943,26.4,82.4,0.0,MOCK
2026-09-05T16:00:00,New_Delhi,28.613659,77.228377,32.9,68.5,0.0,MOCK
2026-09-02T05:00:00,Delhi_Central,28.613594,77.208868,27.0,73.4,0.0,MOCK
2026-09-07T20:00:00,Gurugram,28.457983,77.026887,27.4,81.2,0.0,MOCK
2026-09-04T17:00:00,Delhi_Central,28.612332,77.207103,32.0,66.2,0.0,MOCK
2026-09-03T03:00:00,Dwarka,28.590408,77.046574,24.7,75.7,0.0,MOCK
2026-09-02T06:00:00,Rohini,28.751353,77.055758,29.8,77.9,0.0,MOCK
2026-09-08T19:00:00,New_Delhi,28.613554,77.229502,28.5,70.0,0.0,MOCK
2026-09-02T07:00:00,Gurugram,28.458865,77.024989,27.8,77.4,0.0,MOCK
2026-09-06T08:00:00,Faridabad,28.407866,77.319401,30.9,77.6,0.0,MOCK
2026-09-04T12:00:00,Delhi_Central,28.613207,77.210045,32.7,65.0,0.0,MOCK
2026-09-01T22:00:00,Ghaziabad,28.667429,77.453828,26.9,77.7,0.0,MOCK
2026-09-05T09:00:00,Noida,28.536073,77.39265,31.5,68.3,0.0,MOCK
2026-09-04T20:00:00,New_Delhi,28.615092,77.22869,28.8,76.8,0.0,MOCK
2026-09-05T01:00:00,Noida,28.533916,77.390784,25.2,77.8,1.9,MOCK
2026-09-01T00:00:00,Najafgarh,28.60928,76.979173,23.2,85.7,0.0,MOCK
2026-09-03T12:00:00,Ghaziabad,28.669154,77.452547,33.6,65.7,12.5,MOCK
2026-09-04T20:00:00,Noida,28.533547,77.392709,27.6,69.6,0.0,MOCK
2026-09-04T23:00:00,Rohini,28.749472,77.056015,26.2,82.8,0.0,MOCK
2026-09-06T18:00:00,Delhi_Central,28.613778,77.210877,30.7,66.0,0.0,MOCK
2026-09-01T20:00:00,Faridabad,28.408117,77.316877,28.1,77.9,0.0,MOCK
2026-09-08T03:00:00,Delhi_Central,28.612852,77.208295,25.1,77.8,0.0,MOCK
2026-09-09T02:00:00,Najafgarh,28.610806,76.978564,26.4,76.4,0.0,MOCK
2026-09-09T02:00:00,Dwarka,28.593008,77.047062,25.8,78.7,0.0,MOCK
2026-09-04T05:00:00,Delhi_Central,28.612157,77.20863,28.4,78.0,0.0,MOCK
2026-09-03T20:00:00,Rohini,28.750021,77.057079,29.6,73.7,0.0,MOCK
2026-09-02T04:00:00,New_Delhi,28.614557,77.2301,26.6,77.2,0.0,MOCK
2026-09-01T23:00:00,New_Delhi,28.61331,77.231365,26.7,78.1,0.0,MOCK
2026-09-08T12:00:00,Noida,28.53385,77.391911,34.0,68.3,0.0,MOCK
2026-09-07T16:00:00,Noida,28.537092,77.390153,33.6,70.0,0.0,MOCK
2026-09-04T01:00:00,Delhi_Central,28.614351,77.209877,27.7,79.2,0.0,MOCK
2026-09-05T21:00:00,Najafgarh,28.610967,76.980085,28.3,75.4,3.8,MOCK
2026-09-03T12:00:00,New_Delhi,28.614712,77.230621,33.0,61.2,0.0,MOCK
2026-09-09T04:00:00,Shahdara,28.673431,77.288587,26.9,74.5,0.0,MOCK
2026-09-07T18:00:00,Najafgarh,28.610908,76.980681,29.8,69.7,0.0,MOCK
2026-09-06T16:00:00,Gurugram,28.460629,77.02839,31.6,65.0,0.0,MOCK
2026-09-08T09:00:00,Delhi_Central,28.614322,77.207397,30.3,79.7,0.0,MOCK
2026-09-01T13:00:00,Rohini,28.748008,77.057964,34.7,55.7,0.0,MOCK
2026-09-01T08:00:00,Noida,28.536615,77.392751,31.4,66.2,0.0,MOCK
2026-09-01T21:00:00,Shahdara,28.674029,77.290337,29.4,78.0,0.0,MOCK
2026-09-01T22:00:00,New_Delhi,28.612671,77.231289,26.2,84.1,0.0,MOCK
2026-09-07T22:00:00,Shahdara,28.673523,77.288246,27.3,77.8,4.7,MOCK
2026-09-03T14:00:00,Shahdara,28.675191,77.289001,34.2,70.1,0.0,MOCK
2026-09-05T13:00:00,Faridabad,28.410222,77.31617,34.3,60.9,0.0,MOCK
2026-09-08T18:00:00,Rohini,28.750308,77.054683,31.1,61.0,0.0,MOCK
2026-09-05T02:00:00,Gurugram,28.460437,77.02843,24.4,71.2,0.0,MOCK
2026-09-08T15:00:00,Rohini,28.751301,77.055953,31.9,69.9,0.0,MOCK
2026-09-01T15:00:00,Noida,28.534311,77.39149,31.0,67.3,0.0,MOCK
2026-09-01T23:00:00,Faridabad,28.407288,77.315855,26.7,87.5,0.0,MOCK
2026-09-03T16:00:00,Faridabad,28.410074,77.317134,32.2,70.4,0.0,MOCK
2026-09-09T07:00:00,Faridabad,28.410452,77.317364,30.0,70.7,0.0,MOCK
2026-09-06T05:00:00,Rohini,28.749326,77.058172,28.8,82.9,0.0,MOCK
2026-09-08T17:00:00,Shahdara,28.671403,77.289268,32.4,63.0,0.0,MOCK
2026-09-03T22:00:00,Dwarka,28.591477,77.046822,25.6,81.1,0.0,MOCK
2026-09-05T03:00:00,Gurugram,28.458793,77.024822,24.8,77.4,0.0,MOCK
2026-09-08T07:00:00,New_Delhi,28.614638,77.231397,29.4,68.6,0.0,MOCK
2026-09-06T16:00:00,Delhi_Central,28.612048,77.209009,32.4,60.3,0.0,MOCK
2026-09-01T00:00:00,Gurugram,28.458868,77.02744,26.7,71.7,0.0,MOCK
2026-09-06T05:00:00,New_Delhi,28.613328,77.230793,28.6,76.3,0.0,MOCK
2026-09-02T12:00:00,New_Delhi,28.611265,77.230654,33.0,65.7,0.0,MOCK
2026-09-02T10:00:00,New_Delhi,28.611542,77.231399,31.6,64.7,0.0,MOCK
2026-09-05T09:00:00,Ghaziabad,28.668229,77.453655,31.7,65.7,0.0,MOCK
2026-09-07T00:00:00,Delhi_Central,28.615383,77.209479,23.9,76.5,0.0,MOCK
2026-09-03T08:00:00,Rohini,28.750409,77.054916,30.8,70.0,0.0,MOCK
2026-09-01T12:00:00,Faridabad,28.406985,77.316422,32.8,61.3,0.0,MOCK
2026-09-07T13:00:00,Ghaziabad,28.66775,77.454584,34.0,59.3,0.0,MOCK
2026-09-06T18:00:00,Shahdara,28.672787,77.28866,32.6,72.7,0.0,MOCK
2026-09-05T23:00:00,Noida,28.534189,77.3892,26.8,78.0,0.0,MOCK
2026-09-02T01:00:00,Faridabad,28.408436,77.319349,25.2,78.9,0.0,MOCK
2026-09-06T21:00:00,Shahdara,28.674433,77.288326,25.9,69.6,0.0,MOCK
2026-09-01T09:00:00,Noida,28.534216,77.391361,31.1,66.2,0.0,MOCK
2026-09-01T18:00:00,Faridabad,28.408605,77.318266,31.6,70.9,0.0,MOCK
2026-09-04T11:00:00,Ghaziabad,28.670522,77.452472,33.3,63.0,0.0,MOCK
2026-09-01T21:00:00,Delhi_Central,28.61313,77.207232,30.2,76.9,0.0,MOCK
2026-09-02T05:00:00,Ghaziabad,28.669543,77.454862,27.6,76.2,0.0,MOCK
2026-09-05T23:00:00,Rohini,28.751183,77.058088,26.2,76.3,0.0,MOCK
2026-09-09T07:00:00,Noida,28.534746,77.39045,31.7,75.4,0.0,MOCK
2026-09-08T20:00:00,New_Delhi,28.615047,77.227964,27.6,74.7,0.0,MOCK
2026-09-08T01:00:00,Rohini,28.749103,77.058349,26.6,78.4,0.0,MOCK
2026-09-03T02:00:00,Najafgarh,28.608252,76.97792,25.6,77.5,0.0,MOCK
2026-09-02T13:00:00,Shahdara,28.672067,77.288044,34.3,59.3,0.0,MOCK
2026-09-03T03:00:00,Noida,28.53475,77.39227,25.3,74.4,0.0,MOCK
2026-09-01T20:00:00,Delhi_Central,28.611902,77.208297,29.2,69.0,0.0,MOCK
2026-09-01T13:00:00,Faridabad,28.408269,77.319706,31.4,64.4,0.0,MOCK
2026-09-02T14:00:00,Noida,28.533627,77.390655,34.5,59.6,0.0,MOCK
2026-09-07T14:00:00,Rohini,28.749167,77.056021,31.6,59.7,0.0,MOCK
2026-09-05T12:00:00,Faridabad,28.408093,77.318649,32.1,63.4,0.0,MOCK
2026-09-06T18:00:00,Ghaziabad,28.667558,77.45354,31.0,72.8,0.0,MOCK
2026-09-01T19:00:00,Rohini,28.749812,77.056765,30.3,75.1,0.0,MOCK
2026-09-03T21:00:00,Shahdara,28.672659,77.290652,26.9,73.9,0.0,MOCK
2026-09-03T06:00:00,Najafgarh,28.609406,76.981586,29.8,72.3,0.0,MOCK
2026-09-03T06:00:00,Faridabad,28.407467,77.319449,29.1,76.0,0.0,MOCK
2026-09-08T00:00:00,Gurugram,28.459401,77.02748,25.7,77.1,0.0,MOCK
2026-09-09T01:00:00,Ghaziabad,28.669417,77.453771,25.3,78.8,0.0,MOCK
2026-09-03T17:00:00,Noida,28.535812,77.389783,31.7,70.0,0.0,MOCK
2026-09-06T08:00:00,Rohini,28.750255,77.05564,31.0,72.0,0.0,MOCK
2026-09-05T04:00:00,Najafgarh,28.608241,76.978948,27.1,73.3,0.0,MOCK
2026-09-04T01:00:00,Ghaziabad,28.669224,77.453649,25.7,76.1,0.0,MOCK
2026-09-05T00:00:00,Najafgarh,28.610271,76.979248,25.7,76.5,0.0,MOCK
2026-09-02T02:00:00,Ghaziabad,28.667215,77.452692,23.6,81.3,0.0,MOCK
2026-09-04T18:00:00,New_Delhi,28.614848,77.228869,29.6,65.9,0.0,MOCK
2026-09-05T23:00:00,New_Delhi,28.614183,77.229813,26.4,72.6,0.0,MOCK
2026-09-09T05:00:00,Faridabad,28.407675,77.319619,27.2,65.1,0.0,MOCK
2026-09-01T23:00:00,Noida,28.534038,77.391778,27.1,80.3,0.0,MOCK
2026-09-07T17:00:00,Dwarka,28.592315,77.046225,33.3,69.2,0.0,MOCK
2026-09-03T19:00:00,Rohini,28.747548,77.057821,30.1,76.5,0.0,MOCK
2026-09-09T06:00:00,Dwarka,28.592519,77.046848,27.7,78.7,0.0,MOCK
2026-09-06T22:00:00,Najafgarh,28.608189,76.97889,26.6,80.2,0.0,MOCK
2026-09-04T05:00:00,Dwarka,28.591027,77.044678,27.8,76.8,0.0,MOCK
2026-09-04T10:00:00,Najafgarh,28.608456,76.978056,33.5,70.0,0.0,MOCK
2026-09-04T20:00:00,Rohini,28.748452,77.05843,26.1,70.2,0.0,MOCK
2026-09-07T23:00:00,Najafgarh,28.608813,76.978819,26.5,74.7,0.0,MOCK
2026-09-09T02:00:00,Rohini,28.748033,77.056151,26.5,89.5,0.0,MOCK
2026-09-05T05:00:00,Najafgarh,28.609504,76.980331,27.3,77.3,0.0,MOCK
2026-09-01T11:00:00,Faridabad,28.408907,77.319494,33.2,62.0,0.0,MOCK
2026-09-01T21:00:00,Rohini,28.748309,77.057254,28.6,81.4,17.3,MOCK
2026-09-08T13:00:00,Dwarka,28.593257,77.046472,32.5,63.4,0.0,MOCK
2026-09-04T20:00:00,Delhi_Central,28.613614,77.208482,30.7,81.9,0.0,MOCK
2026-09-02T07:00:00,Delhi_Central,28.613588,77.208114,29.3,69.7,0.0,MOCK
2026-09-05T14:00:00,Najafgarh,28.608389,76.979164,33.0,64.4,0.0,MOCK
2026-09-05T15:00:00,Ghaziabad,28.670906,77.454743,32.0,65.9,0.0,MOCK
2026-09-01T23:00:00,Najafgarh,28.609387,76.981087,25.0,85.0,0.0,MOCK
2026-09-01T23:00:00,Rohini,28.749085,77.055722,27.0,82.4,0.0,MOCK
2026-09-01T14:00:00,Gurugram,28.457778,77.027964,33.3,63.6,0.0,MOCK
2026-09-01T16:00:00,Rohini,28.748976,77.058301,32.5,69.3,0.0,MOCK
2026-09-03T14:00:00,Faridabad,28.407169,77.318111,32.8,68.7,0.0,MOCK
2026-09-07T05:00:00,Delhi_Central,28.612998,77.209264,29.2,75.6,0.0,MOCK
2026-09-07T08:00:00,Shahdara,28.674479,77.287648,29.9,72.4,0.0,MOCK
2026-09-03T11:00:00,Faridabad,28.41017,77.317194,32.9,63.4,0.0,MOCK
2026-09-03T05:00:00,Rohini,28.749356,77.056867,27.5,80.7,0.0,MOCK
2026-09-08T12:00:00,New_Delhi,28.614383,77.229137,32.9,65.9,0.0,MOCK
2026-09-06T16:00:00,Noida,28.536616,77.390305,32.3,69.0,0.0,MOCK
2026-09-04T06:00:00,Najafgarh,28.60855,76.979378,28.3,73.5,0.0,MOCK
2026-09-02T15:00:00,Rohini,28.750732,77.056646,32.7,68.8,0.0,MOCK
2026-09-04T19:00:00,Delhi_Central,28.615301,77.209402,28.3,66.8,0.0,MOCK
2026-09-02T08:00:00,Najafgarh,28.608412,76.979376,29.7,63.2,0.0,MOCK
2026-09-09T02:00:00,Ghaziabad,28.670123,77.453719,27.1,72.1,0.0,MOCK
2026-09-07T15:00:00,Dwarka,28.594032,77.046383,33.4,64.4,0.0,MOCK
2026-09-01T04:00:00,Najafgarh,28.608423,76.979521,27.6,78.2,0.0,MOCK
2026-09-07T21:00:00,New_Delhi,28.612927,77.230219,28.2,75.6,0.0,MOCK
2026-09-04T01:00:00,Gurugram,28.461127,77.028497,27.7,76.7,0.0,MOCK
2026-09-02T17:00:00,Gurugram,28.45966,77.0254,31.6,65.4,0.0,MOCK
2026-09-05T16:00:00,Faridabad,28.407211,77.318472,32.7,67.0,0.0,MOCK
2026-09-04T16:00:00,Noida,28.534117,77.390984,31.3,68.0,0.0,MOCK
2026-09-01T01:00:00,Faridabad,28.409852,77.318075,25.8,81.9,0.0,MOCK
2026-09-05T11:00:00,Delhi_Central,28.612106,77.210764,31.9,63.4,0.0,MOCK
2026-09-05T05:00:00,Gurugram,28.460618,77.02574,28.5,74.5,0.0,MOCK
2026-09-06T00:00:00,Dwarka,28.592008,77.044037,26.6,79.4,0.0,MOCK
2026-09-02T04:00:00,Najafgarh,28.610773,76.98028,26.3,77.1,0.0,MOCK
2026-09-08T20:00:00,Dwarka,28.591221,77.044607,30.4,68.2,10.1,MOCK
2026-09-01T20:00:00,Dwarka,28.594005,77.047101,28.3,74.8,0.0,MOCK
2026-09-05T00:00:00,Delhi_Central,28.615427,77.207975,26.3,87.1,0.0,MOCK
2026-09-03T09:00:00,Delhi_Central,28.613016,77.209566,32.4,71.5,0.0,MOCK
2026-09-04T22:00:00,Gurugram,28.457807,77.027673,27.9,76.5,0.0,MOCK
2026-09-05T02:00:00,Delhi_Central,28.614705,77.208105,25.8,86.3,0.0,MOCK
2026-09-05T17:00:00,Faridabad,28.409871,77.318747,31.8,65.8,0.0,MOCK
2026-09-06T10:00:00,Shahdara,28.671671,77.2877,31.5,68.2,0.0,MOCK
2026-09-05T16:00:00,Ghaziabad,28.669906,77.45459,32.8,67.7,0.0,MOCK
2026-09-07T11:00:00,New_Delhi,28.613815,77.230933,33.7,65.2,0.0,MOCK
2026-09-05T15:00:00,Gurugram,28.457833,77.028107,31.9,63.3,0.0,MOCK
2026-09-08T01:00:00,Gurugram,28.4593,77.026396,24.6,75.4,0.0,MOCK
2026-09-06T11:00:00,Faridabad,28.409211,77.316315,33.9,70.8,0.0,MOCK
2026-09-02T20:00:00,Shahdara,28.673078,77.288848,28.3,73.7,0.0,MOCK
2026-09-02T04:00:00,Dwarka,28.591593,77.047798,26.6,69.4,0.0,MOCK
2026-09-08T02:00:00,Shahdara,28.675077,77.287607,24.8,87.7,0.0,MOCK
2026-09-04T18:00:00,Najafgarh,28.607378,76.981521,28.6,72.0,0.0,MOCK
2026-09-04T15:00:00,Najafgarh,28.609244,76.978748,31.3,63.2,0.0,MOCK
2026-09-04T08:00:00,Gurugram,28.458793,77.027372,29.1,66.0,0.0,MOCK
2026-09-05T16:00:00,Delhi_Central,28.612595,77.2073,32.7,69.3,0.0,MOCK
2026-09-02T07:00:00,Faridabad,28.409687,77.316316,29.4,70.0,0.0,MOCK
2026-09-01T00:00:00,Faridabad,28.409056,77.318866,26.4,80.7,0.0,MOCK
2026-09-02T12:00:00,Najafgarh,28.61024,76.981725,34.4,65.7,0.0,MOCK
2026-09-08T20:00:00,Rohini,28.750626,77.057367,29.0,82.5,0.0,MOCK
2026-09-08T10:00:00,Faridabad,28.409494,77.316389,31.7,69.0,0.0,MOCK
2026-09-01T10:00:00,Najafgarh,28.608404,76.978142,31.2,64.2,0.0,MOCK
2026-09-05T18:00:00,Najafgarh,28.608354,76.981471,30.8,72.2,0.0,MOCK
2026-09-02T02:00:00,Dwarka,28.591996,77.046134,25.7,75.1,0.0,MOCK
2026-09-05T08:00:00,Najafgarh,28.610817,76.979217,31.6,69.9,0.0,MOCK
2026-09-03T01:00:00,Shahdara,28.674985,77.287527,26.7,78.8,0.0,MOCK
2026-09-08T23:00:00,Noida,28.537013,77.389542,25.6,76.6,0.0,MOCK
2026-09-07T05:00:00,Gurugram,28.461051,77.027726,26.5,73.9,0.0,MOCK
2026-09-07T02:00:00,Shahdara,28.673211,77.289995,25.6,76.2,0.0,MOCK
2026-09-01T13:00:00,New_Delhi,28.612599,77.231371,34.0,61.8,0.0,MOCK
2026-09-01T06:00:00,Gurugram,28.458891,77.025242,30.7,78.1,0.0,MOCK
2026-09-03T00:00:00,Delhi_Central,28.614448,77.208048,24.3,80.8,0.0,MOCK
2026-09-01T04:00:00,Gurugram,28.46017,77.027618,26.7,78.1,0.0,MOCK
2026-09-08T00:00:00,Delhi_Central,28.612174,77.210061,25.2,76.4,0.0,MOCK
2026-09-08T04:00:00,Dwarka,28.592051,77.046609,26.1,75.3,0.0,MOCK
2026-09-04T19:00:00,Noida,28.53563,77.390519,29.4,74.0,0.0,MOCK
2026-09-04T16:00:00,Najafgarh,28.609768,76.981303,32.5,70.1,0.0,MOCK
2026-09-04T01:00:00,Noida,28.533839,77.391569,25.4,75.1,0.0,MOCK
2026-09-04T10:00:00,Ghaziabad,28.668548,77.452569,32.1,68.4,0.0,MOCK
2026-09-09T07:00:00,Rohini,28.750889,77.057733,29.0,75.3,0.0,MOCK
2026-09-01T05:00:00,Rohini,28.747953,77.054957,26.9,77.5,0.0,MOCK
2026-09-07T19:00:00,Faridabad,28.408501,77.318026,29.5,65.9,0.0,MOCK
2026-09-05T06:00:00,Najafgarh,28.608254,76.980018,29.5,65.5,2.4,MOCK
2026-09-04T05:00:00,New_Delhi,28.611979,77.229713,27.5,72.0,0.0,MOCK
2026-09-04T01:00:00,Najafgarh,28.609564,76.980829,27.9,74.0,0.0,MOCK
2026-09-08T10:00:00,Rohini,28.750907,77.057978,32.6,68.6,0.0,MOCK
2026-09-01T11:00:00,Rohini,28.750316,77.055657,32.5,68.0,0.0,MOCK
2026-09-05T21:00:00,Ghaziabad,28.667555,77.454345,28.1,79.6,0.0,MOCK
2026-09-05T22:00:00,Gurugram,28.46066,77.025364,26.0,72.7,0.0,MOCK
2026-09-07T06:00:00,Faridabad,28.410431,77.317495,28.9,80.6,0.0,MOCK
2026-09-01T07:00:00,Noida,28.535568,77.389569,28.9,73.0,0.0,MOCK
2026-09-03T20:00:00,Gurugram,28.459103,77.027113,28.4,69.6,0.0,MOCK
2026-09-04T17:00:00,Gurugram,28.457713,77.025194,32.6,74.6,0.0,MOCK
2026-09-06T23:00:00,Shahdara,28.671668,77.290953,24.7,75.7,16.2,MOCK
2026-09-08T09:00:00,Gurugram,28.45877,77.025629,32.1,68.8,0.0,MOCK
2026-09-07T16:00:00,Najafgarh,28.60966,76.979287,32.0,75.3,0.0,MOCK
2026-09-04T07:00:00,Gurugram,28.461129,77.026079,29.4,74.6,0.0,MOCK
2026-09-03T08:00:00,Dwarka,28.592747,77.045134,28.7,67.0,0.0,MOCK
2026-09-06T21:00:00,Ghaziabad,28.670927,77.454865,27.9,74.1,0.0,MOCK
2026-09-07T14:00:00,Ghaziabad,28.670141,77.451837,32.5,66.8,0.0,MOCK
2026-09-08T18:00:00,Delhi_Central,28.615218,77.20807,31.2,65.0,16.7,MOCK
2026-09-03T16:00:00,Gurugram,28.457636,77.028066,31.6,60.6,0.0,MOCK
2026-09-01T02:00:00,New_Delhi,28.613176,77.230518,25.3,73.5,0.0,MOCK
2026-09-05T11:00:00,Shahdara,28.674936,77.288948,33.4,65.2,0.0,MOCK
2026-09-02T22:00:00,Shahdara,28.672681,77.28783,28.3,69.0,0.0,MOCK
2026-09-03T01:00:00,Faridabad,28.409954,77.318378,25.8,74.5,14.9,MOCK
2026-09-07T06:00:00,Ghaziabad,28.670026,77.453713,26.9,85.3,0.0,MOCK
2026-09-03T12:00:00,Najafgarh,28.610753,76.980973,32.7,70.0,0.0,MOCK
2026-09-08T15:00:00,Noida,28.536524,77.389354,32.2,66.7,17.3,MOCK
2026-09-06T00:00:00,Delhi_Central,28.613782,77.209606,24.6,76.5,0.0,MOCK
2026-09-02T21:00:00,Shahdara,28.672323,77.287129,28.0,73.1,0.0,MOCK
2026-09-04T13:00:00,Delhi_Central,28.612228,77.207078,33.0,69.0,0.0,MOCK
2026-09-02T03:00:00,Noida,28.536027,77.39097,26.1,80.3,0.0,MOCK
2026-09-02T02:00:00,Najafgarh,28.609871,76.979365,26.5,85.1,0.0,MOCK
2026-09-08T17:00:00,New_Delhi,28.614211,77.231363,34.0,71.4,0.0,MOCK
2026-09-06T16:00:00,Shahdara,28.672593,77.287563,29.8,68.4,0.0,MOCK
2026-09-04T02:00:00,Najafgarh,28.610117,76.980742,24.9,85.7,0.0,MOCK
2026-09-04T18:00:00,Rohini,28.749066,77.058477,32.3,74.7,0.0,MOCK
2026-09-04T17:00:00,New_Delhi,28.612029,77.2288,31.4,63.5,0.0,MOCK
2026-09-07T04:00:00,Dwarka,28.592203,77.046805,28.3,80.4,0.0,MOCK
2026-09-05T08:00:00,Rohini,28.74909,77.056456,31.1,71.6,0.0,MOCK
2026-09-04T20:00:00,Dwarka,28.593688,77.047475,27.4,74.6,0.0,MOCK
2026-09-06T14:00:00,Delhi_Central,28.614187,77.207934,31.9,65.6,0.0,MOCK
2026-09-06T15:00:00,Gurugram,28.459251,77.026429,32.0,64.8,0.0,MOCK
2026-09-08T01:00:00,Ghaziabad,28.67036,77.452296,24.9,79.9,0.0,MOCK
2026-09-02T14:00:00,New_Delhi,28.614317,77.229358,34.8,66.0,0.0,MOCK
2026-09-05T21:00:00,Noida,28.536212,77.392497,29.0,80.7,0.0,MOCK
2026-09-01T05:00:00,Najafgarh,28.608333,76.981236,27.1,75.7,0.0,MOCK
2026-09-09T04:00:00,Dwarka,28.590839,77.04705,28.0,76.1,0.0,MOCK
2026-09-05T07:00:00,Najafgarh,28.608926,76.98056,29.9,69.2,0.0,MOCK
2026-09-06T02:00:00,Gurugram,28.458663,77.02655,26.8,74.0,0.0,MOCK
2026-09-07T04:00:00,Ghaziabad,28.669199,77.453623,27.3,77.9,0.0,MOCK
2026-09-06T11:00:00,Noida,28.536137,77.390106,32.3,60.4,0.0,MOCK
2026-09-04T18:00:00,Dwarka,28.590527,77.047681,30.9,72.9,0.0,MOCK
2026-09-03T07:00:00,Ghaziabad,28.668559,77.453477,30.2,71.8,0.0,MOCK
2026-09-05T21:00:00,New_Delhi,28.611564,77.229542,26.6,75.5,0.0,MOCK
2026-09-02T11:00:00,Ghaziabad,28.671108,77.452778,32.8,69.1,0.0,MOCK
2026-09-09T03:00:00,New_Delhi,28.611948,77.228804,25.5,77.2,0.0,MOCK
2026-09-01T19:00:00,Gurugram,28.459101,77.026503,29.5,70.4,0.0,MOCK
2026-09-01T04:00:00,New_Delhi,28.612969,77.228711,26.9,73.1,0.0,MOCK
2026-09-06T22:00:00,New_Delhi,28.611594,77.231425,26.4,79.8,0.0,MOCK
2026-09-03T13:00:00,Gurugram,28.457988,77.028068,32.3,73.8,0.0,MOCK
2026-09-01T08:00:00,Ghaziabad,28.67015,77.455712,30.7,71.6,0.0,MOCK
2026-09-08T01:00:00,New_Delhi,28.612616,77.227872,24.6,81.2,0.0,MOCK
2026-09-08T06:00:00,Najafgarh,28.608447,76.979888,27.6,72.5,0.0,MOCK
2026-09-05T18:00:00,Dwarka,28.592606,77.044525,30.5,67.8,0.0,MOCK
2026-09-01T20:00:00,New_Delhi,28.612843,77.230205,28.0,66.8,0.0,MOCK
2026-09-09T04:00:00,Rohini,28.748662,77.055881,27.3,75.1,0.0,MOCK
2026-09-02T14:00:00,Dwarka,28.592527,77.047367,32.8,67.3,0.0,MOCK
2026-09-06T08:00:00,Shahdara,28.673059,77.290337,29.9,73.7,0.0,MOCK
2026-09-02T22:00:00,New_Delhi,28.61261,77.231493,25.6,73.9,0.0,MOCK
2026-09-02T01:00:00,Najafgarh,28.609387,76.979705,25.5,74.3,0.0,MOCK
2026-09-05T04:00:00,Gurugram,28.458212,77.02846,28.4,81.6,0.0,MOCK
2026-09-04T07:00:00,Delhi_Central,28.611924,77.208407,29.5,64.6,0.0,MOCK
2026-09-04T02:00:00,Ghaziabad,28.670184,77.455223,27.4,82.1,0.0,MOCK
2026-09-03T14:00:00,Delhi_Central,28.613221,77.208256,31.9,61.3,0.0,MOCK
2026-09-05T15:00:00,Noida,28.533863,77.391139,32.7,61.7,0.0,MOCK
2026-09-04T05:00:00,Najafgarh,28.607261,76.980998,27.5,80.3,0.0,MOCK
2026-09-03T19:00:00,Najafgarh,28.608122,76.980768,28.7,74.7,0.0,MOCK
2026-09-05T08:00:00,New_Delhi,28.615132,77.228638,30.7,69.7,0.0,MOCK
2026-09-06T14:00:00,Shahdara,28.674646,77.288737,31.6,69.3,0.0,MOCK
2026-09-01T00:00:00,Shahdara,28.674477,77.287363,26.2,85.3,0.0,MOCK
2026-09-08T13:00:00,Faridabad,28.407291,77.318394,33.9,68.2,5.1,MOCK
2026-09-06T12:00:00,Najafgarh,28.609157,76.979448,32.8,58.0,0.0,MOCK
2026-09-04T21:00:00,Shahdara,28.673545,77.288235,26.6,83.5,0.0,MOCK
2026-09-05T06:00:00,Noida,28.534794,77.389648,29.2,78.1,0.0,MOCK
2026-09-07T18:00:00,New_Delhi,28.61176,77.231454,28.8,75.5,0.0,MOCK
2026-09-01T16:00:00,Shahdara,28.672998,77.288575,33.1,58.2,0.0,MOCK
2026-09-07T22:00:00,Dwarka,28.593369,77.045666,27.6,78.0,0.0,MOCK
2026-09-02T04:00:00,Ghaziabad,28.668651,77.452095,26.1,74.7,0.0,MOCK
2026-09-05T20:00:00,New_Delhi,28.611799,77.228812,29.5,75.9,0.0,MOCK
2026-09-09T07:00:00,Ghaziabad,28.668891,77.453316,30.9,75.5,0.0,MOCK
2026-09-09T06:00:00,Delhi_Central,28.612873,77.209355,28.6,66.1,0.0,MOCK
2026-09-05T11:00:00,Dwarka,28.59077,77.047231,32.6,67.7,0.0,MOCK
2026-09-02T23:00:00,Rohini,28.749535,77.054676,27.5,81.7,0.0,MOCK
2026-09-06T11:00:00,Shahdara,28.671781,77.288956,33.1,62.1,0.0,MOCK
2026-09-08T04:00:00,New_Delhi,28.612939,77.229184,27.2,80.0,0.0,MOCK
2026-09-01T20:00:00,Gurugram,28.460572,77.025032,27.8,71.5,0.0,MOCK
2026-09-03T23:00:00,Ghaziabad,28.67009,77.452669,26.6,76.2,0.0,MOCK
2026-09-05T07:00:00,Ghaziabad,28.67014,77.454841,29.0,73.4,0.0,MOCK
2026-09-08T18:00:00,New_Delhi,28.613275,77.229822,29.9,70.3,0.0,MOCK
2026-09-07T09:00:00,New_Delhi,28.611968,77.229606,30.9,67.2,0.0,MOCK
2026-09-06T22:00:00,Delhi_Central,28.614676,77.210614,28.5,80.7,0.0,MOCK
2026-09-07T23:00:00,Dwarka,28.592509,77.044046,26.8,72.6,0.0,MOCK
2026-09-07T09:00:00,Gurugram,28.457942,77.02484,31.9,75.1,0.0,MOCK
2026-09-08T12:00:00,Shahdara,28.674134,77.289243,31.4,61.5,0.0,MOCK
2026-09-02T14:00:00,Najafgarh,28.607658,76.981187,32.3,60.5,0.0,MOCK
2026-09-04T09:00:00,Shahdara,28.674683,77.290132,30.5,70.4,0.0,MOCK
2026-09-02T03:00:00,Dwarka,28.593941,77.044576,27.3,81.6,0.0,MOCK
2026-09-08T19:00:00,Dwarka,28.593348,77.046503,30.0,69.9,0.0,MOCK
2026-09-03T21:00:00,Dwarka,28.593235,77.04593,27.9,81.8,0.0,MOCK
2026-09-01T09:00:00,Delhi_Central,28.612554,77.208518,30.1,63.8,0.0,MOCK
2026-09-09T01:00:00,Shahdara,28.675137,77.288291,25.6,85.4,0.0,MOCK
2026-09-04T11:00:00,Gurugram,28.458515,77.027079,34.3,64.3,0.0,MOCK
2026-09-01T03:00:00,Delhi_Central,28.613261,77.207622,26.9,78.2,0.0,MOCK
2026-09-07T01:00:00,New_Delhi,28.613197,77.230118,25.9,82.5,0.0,MOCK
2026-09-09T03:00:00,Delhi_Central,28.612188,77.210447,26.6,74.1,0.0,MOCK
2026-09-07T20:00:00,Dwarka,28.593403,77.046758,29.0,67.6,0.0,MOCK
2026-09-09T06:00:00,Ghaziabad,28.669294,77.4527,27.3,67.5,0.0,MOCK
2026-09-06T01:00:00,Delhi_Central,28.613867,77.207365,26.3,78.3,0.0,MOCK
2026-09-06T20:00:00,Gurugram,28.45952,77.024941,29.2,71.0,0.0,MOCK
2026-09-06T04:00:00,Delhi_Central,28.615852,77.209631,25.7,86.9,0.0,MOCK
2026-09-02T17:00:00,Ghaziabad,28.668012,77.455253,31.4,65.7,0.0,MOCK
2026-09-02T17:00:00,Delhi_Central,28.613165,77.210007,31.8,72.2,0.0,MOCK
2026-09-06T07:00:00,Rohini,28.750982,77.056848,30.4,72.7,0.0,MOCK
2026-09-04T00:00:00,Gurugram,28.461037,77.025498,26.1,80.6,0.0,MOCK
2026-09-01T18:00:00,Shahdara,28.673742,77.290007,30.2,66.2,0.0,MOCK
2026-09-06T19:00:00,Faridabad,28.409284,77.316228,28.0,68.0,0.0,MOCK
2026-09-03T22:00:00,Shahdara,28.671596,77.290597,26.2,74.7,0.0,MOCK
2026-09-04T23:00:00,Dwarka,28.59194,77.046757,27.0,76.3,0.0,MOCK
2026-09-07T23:00:00,Delhi_Central,28.614289,77.207085,27.0,75.0,0.0,MOCK
2026-09-05T00:00:00,Ghaziabad,28.668525,77.452769,26.6,78.5,15.3,MOCK
2026-09-06T05:00:00,Ghaziabad,28.667587,77.453889,27.8,75.3,0.0,MOCK
2026-09-05T23:00:00,Dwarka,28.593492,77.045376,25.4,80.9,14.7,MOCK
2026-09-03T16:00:00,Rohini,28.750288,77.054661,32.9,68.2,0.0,MOCK
2026-09-01T10:00:00,Rohini,28.748328,77.054737,31.1,64.8,0.0,MOCK
2026-09-01T22:00:00,Noida,28.534974,77.390516,24.4,73.0,0.0,MOCK
2026-09-06T13:00:00,Rohini,28.747909,77.056546,32.8,65.6,0.0,MOCK
2026-09-08T09:00:00,New_Delhi,28.613504,77.22847,32.4,67.6,0.0,MOCK
2026-09-08T17:00:00,Delhi_Central,28.615281,77.210898,30.6,73.2,0.0,MOCK
2026-09-01T23:00:00,Gurugram,28.46057,77.027771,25.1,77.3,0.0,MOCK
2026-09-04T12:00:00,Shahdara,28.672324,77.289958,33.6,64.4,0.0,MOCK
2026-09-04T09:00:00,Noida,28.535377,77.391935,30.6,74.0,0.0,MOCK
2026-09-03T00:00:00,Faridabad,28.409007,77.318707,26.8,88.1,0.0,MOCK
2026-09-07T19:00:00,New_Delhi,28.614555,77.228862,30.3,67.3,8.0,MOCK
2026-09-06T07:00:00,Dwarka,28.592074,77.045368,28.7,65.7,0.0,MOCK
2026-09-02T13:00:00,Dwarka,28.593612,77.045851,31.2,67.4,0.0,MOCK
2026-09-09T04:00:00,Delhi_Central,28.614203,77.209294,27.8,77.6,0.0,MOCK
2026-09-08T06:00:00,New_Delhi,28.612529,77.229981,28.3,75.8,0.0,MOCK
2026-09-05T07:00:00,Dwarka,28.591899,77.045339,30.8,74.7,0.0,MOCK
2026-09-06T15:00:00,Najafgarh,28.610474,76.979034,33.8,63.8,0.0,MOCK
2026-09-04T11:00:00,New_Delhi,28.614463,77.228973,33.7,61.1,0.0,MOCK
2026-09-08T03:00:00,Noida,28.535118,77.390998,25.4,78.0,0.0,MOCK
2026-09-02T02:00:00,Faridabad,28.410549,77.318417,26.0,84.2,0.0,MOCK
2026-09-08T12:00:00,Dwarka,28.590174,77.046332,31.2,65.3,0.0,MOCK
2026-09-02T10:00:00,Noida,28.53647,77.39234,32.1,65.8,0.0,MOCK
2026-09-03T00:00:00,Najafgarh,28.611072,76.978099,25.0,85.6,0.0,MOCK
2026-09-09T01:00:00,Dwarka,28.59137,77.046229,27.0,79.3,0.0,MOCK
2026-09-01T03:00:00,Faridabad,28.409362,77.317114,25.1,79.9,0.0,MOCK
2026-09-02T11:00:00,Faridabad,28.409731,77.3179,32.8,57.7,0.0,MOCK
2026-09-08T07:00:00,Gurugram,28.460322,77.028151,30.1,72.7,0.0,MOCK
2026-09-02T02:00:00,Noida,28.535602,77.39298,26.7,79.1,0.0,MOCK
2026-09-09T00:00:00,Delhi_Central,28.613847,77.209669,26.0,82.1,0.0,MOCK
2026-09-08T14:00:00,Delhi_Central,28.613314,77.209661,32.0,62.0,0.0,MOCK
2026-09-04T07:00:00,Dwarka,28.593048,77.044274,29.2,75.2,0.0,MOCK
2026-09-02T20:00:00,New_Delhi,28.614489,77.229682,27.5,73.1,10.9,MOCK
2026-09-04T20:00:00,Faridabad,28.409342,77.3161,29.4,69.6,0.0,MOCK
2026-09-01T13:00:00,Gurugram,28.461405,77.026376,34.0,66.6,0.0,MOCK
2026-09-06T09:00:00,Ghaziabad,28.670752,77.452355,32.5,70.8,0.0,MOCK
2026-09-03T12:00:00,Delhi_Central,28.614206,77.208019,32.8,69.7,0.0,MOCK
2026-09-08T03:00:00,New_Delhi,28.611878,77.229023,28.6,73.5,0.0,MOCK
2026-09-05T15:00:00,Najafgarh,28.608907,76.979091,31.4,62.1,0.0,MOCK
2026-09-07T23:00:00,New_Delhi,28.612467,77.227926,27.2,83.8,0.0,MOCK
2026-09-07T10:00:00,Faridabad,28.408331,77.316091,32.3,67.1,0.0,MOCK
2026-09-08T16:00:00,Faridabad,28.407806,77.318281,31.9,67.0,2.0,MOCK
2026-09-02T07:00:00,Ghaziabad,28.670843,77.451884,28.3,76.3,15.2,MOCK
2026-09-05T13:00:00,Rohini,28.747816,77.058111,34.7,61.0,0.0,MOCK
2026-09-09T06:00:00,New_Delhi,28.611736,77.227971,28.6,70.7,0.0,MOCK
2026-09-05T04:00:00,Faridabad,28.410185,77.315832,26.5,73.4,0.0,MOCK
2026-09-06T10:00:00,New_Delhi,28.613592,77.23019,32.3,73.8,0.0,MOCK
2026-09-04T23:00:00,Faridabad,28.407257,77.316517,26.2,77.6,0.0,MOCK
2026-09-02T23:00:00,Noida,28.535556,77.389826,25.6,81.2,0.0,MOCK
2026-09-04T12:00:00,Gurugram,28.459738,77.026922,32.7,68.5,0.0,MOCK
2026-09-04T19:00:00,Shahdara,28.671302,77.290018,30.2,78.8,0.0,MOCK
2026-09-03T09:00:00,Ghaziabad,28.668521,77.454319,31.1,59.4,0.0,MOCK
2026-09-07T01:00:00,Delhi_Central,28.612916,77.208021,25.1,88.4,0.0,MOCK
2026-09-08T18:00:00,Faridabad,28.409285,77.318736,30.6,76.8,0.0,MOCK
2026-09-02T21:00:00,New_Delhi,28.61361,77.229204,27.8,77.3,0.0,MOCK
2026-09-01T03:00:00,Ghaziabad,28.667967,77.454512,25.7,77.4,0.0,MOCK
2026-09-06T13:00:00,Dwarka,28.592184,77.045013,31.9,69.5,0.0,MOCK
2026-09-07T01:00:00,Faridabad,28.407509,77.319267,24.8,80.5,0.0,MOCK
2026-09-03T10:00:00,Faridabad,28.409022,77.318198,33.9,62.5,0.0,MOCK
2026-09-05T16:00:00,Shahdara,28.674146,77.288256,32.7,67.4,14.2,MOCK
2026-09-03T00:00:00,Ghaziabad,28.670023,77.455792,25.7,86.3,0.0,MOCK
2026-09-01T13:00:00,Delhi_Central,28.614238,77.210591,33.4,67.4,0.0,MOCK
2026-09-07T22:00:00,Najafgarh,28.608298,76.981083,26.5,76.3,0.0,MOCK
2026-09-02T20:00:00,Dwarka,28.590817,77.047795,28.2,72.4,0.0,MOCK
2026-09-01T01:00:00,Ghaziabad,28.669839,77.454063,26.4,75.8,0.0,MOCK
2026-09-09T03:00:00,Ghaziabad,28.668822,77.454265,24.2,77.3,0.0,MOCK
2026-09-05T09:00:00,Gurugram,28.457662,77.025967,31.7,63.1,0.0,MOCK
2026-09-08T01:00:00,Faridabad,28.407581,77.316351,25.8,84.4,0.0,MOCK
2026-09-04T23:00:00,New_Delhi,28.612351,77.230357,27.6,69.5,0.0,MOCK
2026-09-02T09:00:00,Noida,28.536009,77.392568,32.9,64.6,0.0,MOCK
2026-09-02T16:00:00,Gurugram,28.458339,77.027783,32.6,67.9,0.0,MOCK
2026-09-09T01:00:00,Najafgarh,28.608698,76.978125,27.6,78.1,0.0,MOCK
2026-09-02T11:00:00,Najafgarh,28.610608,76.978437,32.0,69.9,0.0,MOCK
2026-09-07T23:00:00,Gurugram,28.460982,77.02627,25.8,74.4,0.0,MOCK
2026-09-04T04:00:00,Rohini,28.748219,77.055776,25.1,78.2,0.0,MOCK
2026-09-04T04:00:00,Dwarka,28.592728,77.047216,27.2,72.2,0.0,MOCK
2026-09-01T23:00:00,Dwarka,28.590168,77.046693,26.4,82.5,0.0,MOCK
2026-09-08T13:00:00,Ghaziabad,28.66751,77.452298,34.6,74.7,10.9,MOCK
2026-09-02T03:00:00,Faridabad,28.409086,77.317172,27.5,84.4,0.0,MOCK
2026-09-06T20:00:00,Shahdara,28.67329,77.288224,28.4,81.4,0.0,MOCK
2026-09-02T10:00:00,Dwarka,28.592578,77.0476,32.3,68.5,0.0,MOCK
2026-09-06T05:00:00,Noida,28.53595,77.392111,27.0,75.3,0.0,MOCK
2026-09-07T11:00:00,Ghaziabad,28.669986,77.45258,32.9,61.4,0.0,MOCK
2026-09-02T16:00:00,Rohini,28.747764,77.057295,32.0,70.2,0.0,MOCK
2026-09-01T11:00:00,Noida,28.535298,77.390452,32.4,59.3,0.0,MOCK
2026-09-04T01:00:00,New_Delhi,28.613193,77.229559,24.8,84.2,0.0,MOCK
2026-09-07T21:00:00,Faridabad,28.407017,77.315991,27.7,75.4,0.0,MOCK
2026-09-02T18:00:00,Faridabad,28.409883,77.317328,32.4,69.1,0.0,MOCK
2026-09-04T10:00:00,Noida,28.533641,77.392691,31.0,71.5,0.0,MOCK
2026-09-01T05:00:00,Gurugram,28.458239,77.026006,27.4,67.0,0.0,MOCK
2026-09-02T00:00:00,Ghaziabad,28.671128,77.454199,26.3,75.8,0.0,MOCK
2026-09-03T13:00:00,Faridabad,28.409523,77.317081,34.2,64.5,0.0,MOCK
2026-09-03T08:00:00,Delhi_Central,28.61281,77.207095,30.5,66.0,0.0,MOCK
2026-09-04T18:00:00,Faridabad,28.409506,77.319521,31.6,78.8,0.0,MOCK
2026-09-02T12:00:00,Shahdara,28.672327,77.289612,34.2,61.7,17.1,MOCK
2026-09-05T20:00:00,Rohini,28.747904,77.055644,29.5,64.5,0.0,MOCK
2026-09-07T22:00:00,Gurugram,28.461056,77.025462,27.1,75.2,16.1,MOCK
2026-09-07T21:00:00,Rohini,28.748425,77.058455,25.5,75.3,0.0,MOCK
2026-09-04T00:00:00,Faridabad,28.410382,77.315921,24.6,73.7,0.0,MOCK
2026-09-06T13:00:00,Delhi_Central,28.614108,77.209174,32.9,64.5,0.0,MOCK
2026-09-06T05:00:00,Dwarka,28.592591,77.044751,27.6,81.3,0.0,MOCK
2026-09-09T04:00:00,Ghaziabad,28.670199,77.452777,28.4,73.9,0.0,MOCK
2026-09-06T10:00:00,Delhi_Central,28.615587,77.209033,32.9,66.3,0.0,MOCK
2026-09-05T06:00:00,New_Delhi,28.611903,77.231179,29.5,70.5,0.0,MOCK
2026-09-02T22:00:00,Faridabad,28.40949,77.315884,27.1,75.4,0.0,MOCK
2026-09-08T08:00:00,Najafgarh,28.610356,76.980541,30.2,62.6,0.0,MOCK
2026-09-08T08:00:00,Noida,28.535834,77.389889,29.3,70.6,0.0,MOCK
2026-09-05T15:00:00,Dwarka,28.593862,77.046803,33.3,66.2,0.0,MOCK
2026-09-02T10:00:00,Shahdara,28.672791,77.287587,32.0,61.8,0.0,MOCK
2026-09-05T21:00:00,Delhi_Central,28.615671,77.209002,27.9,77.8,0.0,MOCK
2026-09-06T11:00:00,Ghaziabad,28.667952,77.455745,31.9,61.4,0.0,MOCK
2026-09-07T00:00:00,Gurugram,28.461428,77.025257,25.7,70.3,0.0,MOCK
2026-09-05T22:00:00,Noida,28.536115,77.390885,28.3,81.6,2.7,MOCK
2026-09-07T02:00:00,Gurugram,28.458683,77.026208,25.3,74.7,0.0,MOCK
2026-09-02T21:00:00,Delhi_Central,28.612437,77.207462,28.2,72.7,0.0,MOCK
2026-09-07T06:00:00,New_Delhi,28.613867,77.229966,29.2,74.2,0.0,MOCK
2026-09-06T12:00:00,Delhi_Central,28.614248,77.210996,31.3,64.3,0.0,MOCK
2026-09-04T21:00:00,Noida,28.533664,77.392671,27.4,77.7,0.0,MOCK
2026-09-01T10:00:00,Ghaziabad,28.669705,77.453137,33.6,69.2,0.0,MOCK
2026-09-01T18:00:00,Gurugram,28.458614,77.027454,31.6,69.9,0.0,MOCK
2026-09-05T00:00:00,Noida,28.536261,77.38972,25.1,74.0,0.0,MOCK
2026-09-03T19:00:00,Ghaziabad,28.670724,77.453625,29.0,73.3,0.0,MOCK
2026-09-06T22:00:00,Noida,28.536928,77.390957,28.5,86.7,0.0,MOCK
2026-09-05T12:00:00,Delhi_Central,28.612114,77.207597,31.5,65.7,11.4,MOCK
2026-09-05T17:00:00,Najafgarh,28.607598,76.978939,31.8,72.9,0.0,MOCK
2026-09-08T08:00:00,Gurugram,28.45768,77.028048,29.3,72.5,0.0,MOCK
2026-09-07T07:00:00,Rohini,28.750207,77.057007,30.9,72.3,0.0,MOCK
2026-09-07T08:00:00,Noida,28.533824,77.392523,32.0,68.4,0.0,MOCK
2026-09-03T10:00:00,Rohini,28.750303,77.05599,34.5,71.6,0.0,MOCK
2026-09-04T09:00:00,Najafgarh,28.610577,76.978671,31.5,69.9,0.0,MOCK
2026-09-06T14:00:00,Gurugram,28.458105,77.027361,33.8,65.6,0.0,MOCK
2026-09-06T00:00:00,Ghaziabad,28.670016,77.452592,24.4,74.0,0.0,MOCK
2026-09-02T13:00:00,Faridabad,28.410609,77.316882,32.6,65.5,0.0,MOCK
2026-09-03T21:00:00,Faridabad,28.407477,77.319213,29.2,69.3,0.0,MOCK
2026-09-05T17:00:00,Dwarka,28.590721,77.046619,29.5,72.3,0.0,MOCK
2026-09-04T02:00:00,Faridabad,28.408098,77.317446,26.9,85.4,0.0,MOCK
2026-09-03T18:00:00,Rohini,28.749309,77.057492,31.2,67.2,7.4,MOCK
2026-09-02T13:00:00,Ghaziabad,28.671074,77.455343,35.4,66.7,0.0,MOCK
2026-09-04T20:00:00,Najafgarh,28.610523,76.97793,27.2,73.7,0.0,MOCK
2026-09-03T05:00:00,Najafgarh,28.607341,76.981724,29.6,73.0,0.0,MOCK
2026-09-01T14:00:00,New_Delhi,28.612438,77.229007,33.1,60.9,0.0,MOCK
2026-09-02T18:00:00,Dwarka,28.591264,77.045859,30.6,72.2,0.0,MOCK
2026-09-05T00:00:00,Gurugram,28.457824,77.027923,24.8,74.1,0.0,MOCK
2026-09-08T06:00:00,Noida,28.536257,77.391927,30.0,78.1,0.0,MOCK
2026-09-03T02:00:00,Faridabad,28.40941,77.315854,25.6,80.2,0.0,MOCK
2026-09-02T15:00:00,Gurugram,28.460877,77.024979,32.8,67.1,0.0,MOCK
2026-09-01T06:00:00,Najafgarh,28.608283,76.981784,27.1,68.1,0.0,MOCK
2026-09-04T06:00:00,Shahdara,28.671976,77.289101,28.9,77.5,0.0,MOCK
2026-09-09T05:00:00,Delhi_Central,28.615105,77.209473,26.6,71.8,6.0,MOCK
2026-09-03T15:00:00,New_Delhi,28.61374,77.229703,35.1,62.3,0.0,MOCK
2026-09-08T17:00:00,Gurugram,28.461441,77.027728,32.0,66.2,0.0,MOCK
2026-09-05T06:00:00,Gurugram,28.459229,77.027825,27.8,68.1,0.0,MOCK
2026-09-02T05:00:00,Najafgarh,28.610092,76.978908,30.2,78.1,0.0,MOCK
2026-09-05T09:00:00,Rohini,28.751042,77.055978,31.3,66.7,0.0,MOCK
2026-09-02T14:00:00,Faridabad,28.409038,77.315806,33.0,59.1,0.0,MOCK
2026-09-04T22:00:00,Najafgarh,28.610132,76.98119,25.9,77.3,0.0,MOCK
2026-09-07T17:00:00,Najafgarh,28.609656,76.980658,31.2,66.4,0.0,MOCK
2026-09-03T10:00:00,Dwarka,28.592739,77.045058,31.7,62.4,0.0,MOCK
2026-09-04T03:00:00,New_Delhi,28.614729,77.230117,25.5,82.2,0.0,MOCK
2026-09-01T19:00:00,Faridabad,28.409433,77.316726,29.5,72.7,0.0,MOCK
2026-09-07T13:00:00,Delhi_Central,28.615769,77.210218,35.3,62.7,0.0,MOCK
2026-09-06T11:00:00,Dwarka,28.590234,77.045843,32.7,72.3,0.0,MOCK
2026-09-05T10:00:00,Gurugram,28.459481,77.027118,32.0,67.3,0.0,MOCK
2026-09-03T07:00:00,Dwarka,28.59082,77.047833,29.6,73.3,0.0,MOCK
2026-09-04T08:00:00,Rohini,28.748204,77.05687,31.4,66.5,0.0,MOCK
2026-09-05T22:00:00,Shahdara,28.674494,77.290385,25.4,73.1,0.0,MOCK
2026-09-04T23:00:00,Shahdara,28.672519,77.290701,24.9,79.0,0.0,MOCK
2026-09-02T19:00:00,Shahdara,28.672615,77.288556,29.3,64.7,0.0,MOCK
2026-09-07T02:00:00,Dwarka,28.590542,77.046093,24.4,77.6,0.0,MOCK
2026-09-07T14:00:00,Dwarka,28.593805,77.045016,31.8,61.4,0.0,MOCK
2026-09-04T11:00:00,Noida,28.535393,77.389676,32.9,59.0,0.0,MOCK
2026-09-06T19:00:00,Rohini,28.748389,77.056639,28.6,67.0,0.0,MOCK
2026-09-02T17:00:00,Najafgarh,28.610455,76.981035,30.2,69.5,0.0,MOCK
2026-09-02T21:00:00,Najafgarh,28.607751,76.978069,27.1,76.4,0.0,MOCK
2026-09-07T01:00:00,Dwarka,28.592196,77.04599,25.6,73.8,0.0,MOCK
2026-09-02T07:00:00,Najafgarh,28.610077,76.979157,29.6,72.9,0.0,MOCK
2026-09-02T23:00:00,Faridabad,28.407178,77.316088,26.3,80.7,0.0,MOCK
2026-09-06T15:00:00,Rohini,28.750946,77.055545,34.0,66.3,0.0,MOCK
2026-09-06T09:00:00,Faridabad,28.410167,77.31908,30.6,68.6,0.0,MOCK
2026-09-09T00:00:00,Dwarka,28.590641,77.047983,26.7,76.7,0.0,MOCK
2026-09-02T23:00:00,Shahdara,28.673998,77.287118,26.6,78.2,0.0,MOCK
2026-09-01T19:00:00,Shahdara,28.672145,77.288742,29.8,69.1,0.0,MOCK
2026-09-08T10:00:00,Gurugram,28.458522,77.024959,31.8,67.8,0.0,MOCK
2026-09-04T12:00:00,Ghaziabad,28.669448,77.452558,32.8,68.3,0.0,MOCK
2026-09-01T18:00:00,Noida,28.536801,77.389196,30.8,75.1,0.0,MOCK
2026-09-08T21:00:00,Gurugram,28.459081,77.025092,29.0,77.6,0.0,MOCK
2026-09-03T14:00:00,Gurugram,28.461412,77.025622,34.5,61.6,0.0,MOCK
2026-09-06T16:00:00,Najafgarh,28.609701,76.981592,30.6,69.4,0.0,MOCK
2026-09-08T13:00:00,New_Delhi,28.614061,77.230656,31.7,64.4,0.0,MOCK
2026-09-02T20:00:00,Noida,28.535368,77.389185,29.8,71.5,0.0,MOCK
2026-09-09T01:00:00,New_Delhi,28.611317,77.229956,25.6,81.0,0.0,MOCK
2026-09-07T19:00:00,Gurugram,28.460486,77.028376,29.2,70.5,0.0,MOCK
2026-09-06T08:00:00,Gurugram,28.460192,77.027538,31.1,76.1,0.0,MOCK
2026-09-06T19:00:00,Gurugram,28.459256,77.026263,28.3,69.1,0.0,MOCK
2026-09-03T00:00:00,Noida,28.534633,77.389979,24.7,82.2,0.0,MOCK
2026-09-05T02:00:00,Noida,28.537254,77.391626,25.3,82.5,1.8,MOCK
2026-09-05T20:00:00,Najafgarh,28.611039,76.979959,28.3,68.3,0.0,MOCK
2026-09-08T21:00:00,Noida,28.535762,77.392473,28.4,75.7,0.0,MOCK
2026-09-03T05:00:00,Ghaziabad,28.670281,77.454592,25.9,77.5,0.0,MOCK
2026-09-07T12:00:00,Najafgarh,28.611171,76.978126,32.7,70.3,0.0,MOCK
2026-09-02T18:00:00,Delhi_Central,28.612193,77.207853,32.3,72.0,0.0,MOCK
2026-09-08T07:00:00,Shahdara,28.672199,77.287412,31.0,67.7,0.0,MOCK
2026-09-05T03:00:00,Rohini,28.747624,77.05827,27.3,81.5,0.0,MOCK
2026-09-01T07:00:00,Dwarka,28.591277,77.04471,29.0,70.4,0.0,MOCK
2026-09-02T01:00:00,Delhi_Central,28.612384,77.207899,26.7,79.4,0.0,MOCK
2026-09-05T01:00:00,New_Delhi,28.613547,77.22847,26.1,77.1,0.0,MOCK
2026-09-02T18:00:00,Rohini,28.747978,77.057332,30.4,67.9,0.0,MOCK
2026-09-03T14:00:00,Najafgarh,28.609821,76.978777,32.6,66.5,0.0,MOCK
2026-09-06T06:00:00,Ghaziabad,28.670929,77.453693,30.6,74.2,0.0,MOCK
2026-09-05T05:00:00,Noida,28.536055,77.392691,27.3,72.9,0.0,MOCK
2026-09-03T14:00:00,Rohini,28.748157,77.056364,33.7,71.3,0.0,MOCK
